排名,BV号,视频链接,视频标题,视频分区,主分区,UP主,发布时间（北京时间）,视频时长（秒）,播放量,弹幕数,评论数,收藏数,投币数,分享数,点赞数
1,BV1Q5tG6bEX3,https://www.bilibili.com/video/BV1Q5tG6bEX3,【IGN独家】《鸣潮》共鸣者「心」、「锁暝」演示,单人RPG游戏,游戏,IGN中国,2026-09-03 11:00:00,95,4152443,28876,35714,54389,110416,181742,232528
2,BV1P4th6PE81,https://www.bilibili.com/video/BV1P4th6PE81,“用最温柔的方式，体面的告别了这个世界”｜听歌/小曲,电台·歌单,音乐,我爱吃派大星,2026-09-01 08:20:00,287,3905918,15730,7461,35595,17971,3881,355588
3,BV1yuto66E8J,https://www.bilibili.com/video/BV1yuto66E8J,万人追更的终南山怪虫，只有我们拍到了真相！,综合资讯,资讯,中国国家地理,2026-09-04 17:00:00,835,2394497,8365,4905,31318,50485,9104,234271
4,BV1bHtd6CESR,https://www.bilibili.com/video/BV1bHtd6CESR,天 雷 滚 滚 纽 约 城【神奇组织53】,人文历史,知识,小约翰可汗,2026-09-04 11:00:00,2410,3078160,12692,5326,36720,38843,3292,150609
5,BV1Este6wExx,https://www.bilibili.com/video/BV1Este6wExx,08年美国讽刺金曲《朋友的酒》（英语填词cover）“空城计の小曲”,AI音乐,音乐,梨茗子,2026-09-01 09:30:00,258,3783719,1657,7842,86477,65157,33285,178641
6,BV1FQtt6JEKs,https://www.bilibili.com/video/BV1FQtt6JEKs,网络热传生物鉴定 第63期,野生动物·动物解说科普,动物,无穷小亮的科普日常,2026-09-03 16:00:00,412,2835414,10905,7396,13715,16705,5679,193654
7,BV12Sto6VEnH,https://www.bilibili.com/video/BV12Sto6VEnH,这只猫，性格好到让我无语,猫,动物,萌宠指南,2026-09-03 18:52:54,115,2338177,2480,5267,34728,3861,7826,260295
8,BV1wote6gEQ1,https://www.bilibili.com/video/BV1wote6gEQ1,《绝区零》克拉蕾角色展示 | 不想培训，但攻略已写好,单人RPG游戏,游戏,绝区零,2026-09-04 12:00:00,706,1710565,8427,11187,31281,46001,27618,129976
9,BV13QtJ67Eo1,https://www.bilibili.com/video/BV13QtJ67Eo1,直到赛前..我都没想到当教练还得出COS啊???🥹 【bilibilionly同人扶持计划】,MOBA游戏,游戏,恩祈儿,2026-09-02 17:07:52,452,2063225,1210,1166,30354,5520,1180,148366
10,BV1BjtE6HExq,https://www.bilibili.com/video/BV1BjtE6HExq,极限挑战——时光大桥,娱乐综艺正片,娱乐,王迅,2026-09-02 11:04:34,184,2063167,1163,4231,11932,30118,4434,185764
11,BV12ctX68Ex6,https://www.bilibili.com/video/BV12ctX68Ex6,致热爱捉宠的你——《伊莫》幕后制作纪录片,其他游戏,游戏,伊莫,2026-09-03 10:00:00,1261,2490062,792,1218,47906,20739,15747,79330
12,BV1potV6SEWY,https://www.bilibili.com/video/BV1potV6SEWY,“小传人”来了（假期拍摄，快乐起来）,应试教育,知识,铭门学府张超,2026-09-01 20:58:28,117,1322140,3515,9045,8464,37952,1156,298595
13,BV15VtZ6oEk7,https://www.bilibili.com/video/BV15VtZ6oEk7,《三角洲行动》全新【群星】赛季故事短片,射击游戏,游戏,三角洲行动,2026-09-04 00:00:00,655,2311605,2757,6604,33525,5287,4572,125390
14,BV16mtU6kEu9,https://www.bilibili.com/video/BV16mtU6kEu9,【warma/怒九】两个大聪明的宇宙冒险！《轨道双子星》实况【更新P3】,其他游戏,游戏,Warma,2026-09-03 00:00:00,10195,1247796,1494,1889,32202,16410,2903,127749
15,BV1p3t36kEEj,https://www.bilibili.com/video/BV1p3t36kEEj,一个外挂100块，从零挑战四款FPS，会遇到多少挂？,射击游戏,游戏,搞机所,2026-09-02 14:00:00,1454,2259151,4759,6296,17520,23220,6891,83483
16,BV1UW8i6tEo1,https://www.bilibili.com/video/BV1UW8i6tEo1,DECO*27 - 洗脳 feat. 初音未来,VOCALOID,音乐,DECO27_Official,2026-09-04 18:05:00,173,338409,5483,5781,36400,33211,11923,76470
17,BV1STtS6fE7B,https://www.bilibili.com/video/BV1STtS6fE7B,星期日：纯路人，我觉得封面很可爱,同人动画,二次元,呵纹Hevon,2026-09-02 19:04:44,162,831763,1463,734,16888,30873,1651,118247
18,BV19Dtd6XEY3,https://www.bilibili.com/video/BV19Dtd6XEY3,这一期视频我不允许任何人漏看！！你们自己要的男生超详细全流程护肤教程！！！！,护肤,时尚美妆,小小小思源哎,2026-09-03 13:57:41,831,778912,538,2181,74652,11515,6154,47138
19,BV1e8tR6EER5,https://www.bilibili.com/video/BV1e8tR6EER5,这次是真玩爽了,演奏,音乐,爱弹琴的Jony,2026-09-03 17:28:07,167,1275134,713,1616,17393,4092,1376,146252
20,BV1gNtS6cEjx,https://www.bilibili.com/video/BV1gNtS6cEjx,谁能想到钓个鱼能这么好笑？渔力全开！,其他游戏,游戏,吊德斯DioDes,2026-09-02 18:54:07,1770,1020269,10984,3600,56613,43974,2903,95309
21,BV1t6tR6rEVT,https://www.bilibili.com/video/BV1t6tR6rEVT,多诺米骨牌,潮玩玩具,生活兴趣,我是明晚,2026-09-03 15:44:45,32,2496949,484,2578,12599,33398,571,326116
22,BV1gptZ6DExF,https://www.bilibili.com/video/BV1gptZ6DExF,《马老师：这世上还是好人多呀》,剧情演绎,小剧场,嘞是唐孃孃,2026-09-03 18:46:09,78,3057699,537,2650,9413,2184,3409,199762
23,BV1KjtS6XEWy,https://www.bilibili.com/video/BV1KjtS6XEWy,不同年代气血很足的美！这是一条气血很足的视频哦,随拍·综合,其他,李如儒也是李蠕蠕,2026-09-02 19:39:11,137,1657449,2114,2244,9681,8693,2224,139656
24,BV1i5tU6NEAd,https://www.bilibili.com/video/BV1i5tU6NEAd,我在日本，找到了被李白杀死的遣唐使,人文历史,知识,有山先生,2026-09-03 17:00:00,1854,885664,7258,2378,23252,70960,3483,75454
25,BV1p5t366EuM,https://www.bilibili.com/video/BV1p5t366EuM,“什么叫程心的威慑度是100%？”,鬼畜综合,鬼畜,自动鬼畜中的WZ,2026-09-01 18:05:00,411,2650288,3199,5894,21818,17538,13194,75639
26,BV12ftJ6rE22,https://www.bilibili.com/video/BV12ftJ6rE22,建水紫陶,传统手工艺,手工,归乡人山白,2026-09-02 22:00:00,699,1080116,3618,1500,12694,41491,2048,94826
27,BV1cHtL6HEGN,https://www.bilibili.com/video/BV1cHtL6HEGN,用羊毛做一只抽象橘猫,轻手作,手工,麋鹿大佬,2026-09-02 12:30:00,77,1911057,724,2189,11987,4062,6265,173597
28,BV1VFtS6eEiA,https://www.bilibili.com/video/BV1VFtS6eEiA,假如夜神月捡到的是《复活笔记》,AI影视,影视,人群当中钻出壹个光头,2026-09-02 19:28:08,375,868488,2264,4485,19943,6815,11899,71885
29,BV1RktJ6pEVy,https://www.bilibili.com/video/BV1RktJ6pEVy,老师也是人,剧情演绎,小剧场,脱缰凯Kk,2026-09-02 17:31:17,198,1250622,1109,2006,8275,3342,1013,99587
30,BV1sxtk6YEGp,https://www.bilibili.com/video/BV1sxtk6YEGp,全B站最垃圾的一期视频,UP主小综艺,小剧场,小潮院长,2026-09-05 07:00:00,1086,737351,8773,3614,23175,38592,1789,84023
31,BV1Ugtb6TE9R,https://www.bilibili.com/video/BV1Ugtb6TE9R,“修仙也爱拍照”,AI影视,影视,剑上一寸雪,2026-08-31 14:32:14,153,1795714,527,2048,44826,8783,6605,151845
32,BV1gZtg6HEtt,https://www.bilibili.com/video/BV1gZtg6HEtt,想让海水更清澈？别再只会提亮度！,摄影摄像,科技数码,那只貂貂,2026-09-01 20:40:00,87,721434,245,1104,87182,8651,3222,94826
33,BV1TZtJ6VEhK,https://www.bilibili.com/video/BV1TZtJ6VEhK,地牢酒馆-24集 《平原劫车行动》,同人动画,二次元,粘土工厂,2026-09-02 16:23:51,233,681651,1527,1833,11031,12442,1007,89919
34,BV13mt76GEfr,https://www.bilibili.com/video/BV13mt76GEfr,每 天 一 遍 🔥 烦 恼 拜 拜！,健身跟练教学,健身,兔总裁s,2026-09-02 12:25:00,74,3452357,1561,2105,26133,8148,6598,96641
35,BV1n1tA67EsT,https://www.bilibili.com/video/BV1n1tA67EsT,把公司当成主题乐园,剧情演绎,小剧场,papi酱,2026-09-01 18:00:00,183,2140756,1886,3335,11024,19992,23072,197542
36,BV1a3th65EQb,https://www.bilibili.com/video/BV1a3th65EQb,西西弗斯推的石头，居然是孙悟空......【AI全民制作人】#SpecialForAAIFF,AI影视,影视,张拉灯,2026-08-31 17:42:48,295,5086376,2020,4207,73299,34630,19680,263713
37,BV1pqtG6CE59,https://www.bilibili.com/video/BV1pqtG6CE59,韩语版《朋友的酒》【韩国大叔Trot版】（空城计の小曲）,AI音乐,音乐,181319,2026-09-02 00:44:36,248,1882690,930,2906,21301,11047,12383,44601
38,BV1RhtV6iEt3,https://www.bilibili.com/video/BV1RhtV6iEt3,《明日方舟》干员「结城理」技能展示PV,单人RPG游戏,游戏,明日方舟,2026-09-02 11:00:00,173,2142381,10375,18259,12712,21140,69975,109393
39,BV19Nt962EGj,https://www.bilibili.com/video/BV19Nt962EGj,🐧串好了封侯，串不好的杀头🐧,随拍·综合,其他,盛夏度春风,2026-09-03 11:23:23,66,1279744,724,5508,25093,6032,31640,120849
40,BV1sUtR6KEbd,https://www.bilibili.com/video/BV1sUtR6KEbd,当你觉得自己很没用时：,剧情演绎,小剧场,一串大福,2026-09-04 11:00:00,174,2227737,703,554,21083,2427,540,126084
41,BV1XPtM6SEHv,https://www.bilibili.com/video/BV1XPtM6SEHv,纯手搓的视频，初音会喜欢吗？【bilibilionly同人扶持计划】,同人动画,二次元,利利那TD25,2026-09-01 09:45:04,96,1165188,642,1807,40323,68530,6183,226057
42,BV154tu69EDJ,https://www.bilibili.com/video/BV154tu69EDJ,《和平假面》MV,音乐资讯,音乐,央视网,2026-09-02 09:18:00,126,879336,418,2349,26791,31405,8709,111558
43,BV1h3tg6XEHz,https://www.bilibili.com/video/BV1h3tg6XEHz,《国服安琪拉》,语言类小剧场,小剧场,伤心欲茄222,2026-09-02 12:00:00,129,1505463,1511,3375,7316,3242,4638,126593
44,BV16Hto6aE4v,https://www.bilibili.com/video/BV16Hto6aE4v,桃花源记,剧情演绎,小剧场,累渠_,2026-09-03 20:28:55,127,1315058,485,1069,7016,3983,3630,122251
45,BV1FytU61EkW,https://www.bilibili.com/video/BV1FytU61EkW,从某一刻开始，游戏的性质已经变了【B站笑点大赛】,剧情演绎,小剧场,阿洵快快乐乐,2026-09-02 20:59:06,106,1563688,296,626,12732,2222,1778,127370
46,BV1fEtn6ZE4y,https://www.bilibili.com/video/BV1fEtn6ZE4y,当龙叔出来的时候 瞬间不怕了,影视剪辑,影视,春shy,2026-09-02 18:00:00,99,1685902,201,1053,17763,937,823,111736
47,BV1NhtZ6LE8d,https://www.bilibili.com/video/BV1NhtZ6LE8d,《崩坏：星穹铁道》走近星穹——「砂金•戏浪：苏乐达给了你多少广告费？」,单人RPG游戏,游戏,崩坏星穹铁道,2026-09-04 12:00:00,388,675282,8617,13483,8074,12396,2800,62622
48,BV1vQ4Q6rEFR,https://www.bilibili.com/video/BV1vQ4Q6rEFR,这首歌改变了我的人生，并带我走进了中国这个美丽的世界。,原创音乐,音乐,appleby_music,2026-08-30 16:57:13,170,2153877,1402,4405,46848,23316,6840,148071
49,BV1aGtd6SEfh,https://www.bilibili.com/video/BV1aGtd6SEfh,笑死~日本新发现一名铁血精中！！比98%的中国人都愿意爱中国！！,随拍·综合,其他,文同学文案,2026-09-03 17:50:00,411,1289206,4903,5101,12608,2743,8545,61898
50,BV1Y8tn6nE9L,https://www.bilibili.com/video/BV1Y8tn6nE9L,还没擦掉嘴角伊朗儿童的血，他们又来吃中国的“人血馒头”,时政资讯,资讯,环球网,2026-09-02 15:14:19,224,1690337,122,945,3365,958,421,86421
51,BV1kktD69EaX,https://www.bilibili.com/video/BV1kktD69EaX,欢迎来到霍格沃茨的新学年,影视正片搬运,影视,哈利波特,2026-09-02 23:27:32,148,1703915,2660,9938,11665,13230,24665,53540
52,BV1e4tn6pEg6,https://www.bilibili.com/video/BV1e4tn6pEg6,黄 毛 抢 钱 记,剧情演绎,小剧场,马哥巨离谱,2026-09-02 17:25:19,497,1754103,2166,1832,4307,11185,1599,66374
53,BV1XXtd6HEHo,https://www.bilibili.com/video/BV1XXtd6HEHo,阿诺撒……我让你站起来你耳朵🐉吗？,动漫剪辑,二次元,acg阿伦,2026-09-03 13:49:10,231,1137415,622,1499,13132,3531,4207,55095
54,BV1ARte6rEKL,https://www.bilibili.com/video/BV1ARte6rEKL,这一次我们能赢吗？,社会观察,知识,销冠李老板,2026-09-04 11:47:05,32,867321,296,3756,5926,16192,377,175873
55,BV1ZJtu6tEyd,https://www.bilibili.com/video/BV1ZJtu6tEyd,有市无价再创记录！世界最大顶级黄油蟹与巨型松茸的完美邂逅！鱼子酱只配当咸菜？！,美食测评,美食,大祥哥来了,2026-09-01 18:00:00,1012,1644581,3586,1884,16305,81045,5519,97611
56,BV1NQti6HEaC,https://www.bilibili.com/video/BV1NQti6HEaC,“请与我一同，战胜时间的伟力。”,漫画·动态漫,二次元,Mr-Ferret,2026-09-04 14:20:12,93,1194188,320,1815,19944,1840,2007,118950
57,BV1abtE6VE2f,https://www.bilibili.com/video/BV1abtE6VE2f,“我从小抽核弹长大的”，抽一个可变形核弹发射井模型,潮玩玩具,生活兴趣,隔墙总有耳,2026-09-02 11:41:27,89,2101807,1229,8242,14222,12602,10113,90759
58,BV1G7tG6tEwL,https://www.bilibili.com/video/BV1G7tG6tEwL,【何同学】库克时代,商业财经,知识,老师好我叫何同学,2026-09-01 17:00:00,2615,2968273,10819,2871,66364,101932,15339,147696
59,BV1G3t96kE5s,https://www.bilibili.com/video/BV1G3t96kE5s,【加勒比海盗1-3】神级配乐如何成就海盗冒险史诗？,影视解读,影视,小鹿绝招大飞脚,2026-09-03 11:03:45,2560,850378,1781,809,13620,7304,929,64156
60,BV1jct96JE1n,https://www.bilibili.com/video/BV1jct96JE1n,美国拉斯维加斯有点爽！,旅游记录,旅游出行,蓝战非OvO,2026-09-04 11:05:00,1445,841135,5167,2209,7096,16158,4895,70531
61,BV1jVtt6LEjP,https://www.bilibili.com/video/BV1jVtt6LEjP,《异环》灵可角色PV丨宇宙的频段,其他游戏,游戏,异环,2026-09-02 11:00:00,794,2408414,1324,6405,7228,6873,2536,57589
62,BV1bLth6rE1T,https://www.bilibili.com/video/BV1bLth6rE1T,【蕾米埃尔】：入木三分，原来是字面意思？,其他手工,手工,木姬空语,2026-08-31 17:48:57,6891,2787929,2257,4129,17953,32383,5902,156301
63,BV11XtV6HEHc,https://www.bilibili.com/video/BV11XtV6HEHc,炊哥生日加更一期爆蛋炒饭,美食记录,美食,炊哥不加戏,2026-09-01 21:15:57,535,1529553,2687,3390,7988,26080,8062,76682
64,BV1yotm62Eep,https://www.bilibili.com/video/BV1yotm62Eep,【Shorts】ハート111 / Heart111【bilibilionly同人扶持计划】,同人动画,二次元,明石缪,2026-09-03 18:00:00,31,482833,66,1070,36045,9723,2357,112447
65,BV1UvfEB7EX9,https://www.bilibili.com/video/BV1UvfEB7EX9,注意！花少2全集解说，时长共8小时（莫要通宵看）,娱乐综艺正片,娱乐,小灰躺,2026-02-22 12:38:35,29434,5710062,91640,18743,199419,76804,101251,144634
66,BV1Jpti63EA5,https://www.bilibili.com/video/BV1Jpti63EA5,【苏新皓｜4K直拍】99次我爱他 直拍｜重·二周年演唱会 DAY3,音乐现场,音乐,JUSTSU_苏新皓,2026-09-04 15:27:13,255,82205,77648,46194,13787,19868,14971,21723
67,BV1wHtL6HEL2,https://www.bilibili.com/video/BV1wHtL6HEL2,少↗TM↗飞↗滑↗，给↘我↘打↗，使↘↗劲↘打↗（使人震撼的分镜）（挨了一滑板）呃（捂头）,随拍·综合,其他,某幻君,2026-09-02 12:00:00,677,1190552,3516,1340,9918,15427,3170,55433
68,BV1istn69EPU,https://www.bilibili.com/video/BV1istn69EPU,【科学修仙】今日不死，儿孙满堂！【up动画】,AI影视,影视,么鸣堂,2026-09-02 16:18:09,686,1381922,1821,1405,10150,13523,1185,36830
69,BV1Yyt76GEtW,https://www.bilibili.com/video/BV1Yyt76GEtW,"办公室没窗、走廊带坡？医院这些""反人类设计""背后的真相！",其他知识杂谈,知识,大物是也,2026-09-02 18:00:00,2398,1127240,2873,1411,8546,24915,1989,35832
70,BV1X2tJ6SE9b,https://www.bilibili.com/video/BV1X2tJ6SE9b,脖子前倾不要猛后仰,健身科普,健身,天鹅老师美肩背,2026-09-02 16:01:14,35,632408,39,490,76990,2984,1906,62520
71,BV1F7t36BEDN,https://www.bilibili.com/video/BV1F7t36BEDN,假如遇到小时候的自己,剧情演绎,小剧场,古泽源,2026-09-01 18:08:08,31,1427479,420,4022,17009,5776,1358,177823
72,BV1eCtJ6XESY,https://www.bilibili.com/video/BV1eCtJ6XESY,我们又一次从网上买来了一些玩具…,潮玩玩具,生活兴趣,摸鱼事务所,2026-09-02 15:53:33,2370,689421,6472,839,12843,27671,1440,44581
73,BV1Yptj6zEEG,https://www.bilibili.com/video/BV1Yptj6zEEG,【花小烙】手上的汗疱疹是怎么冒出来的？,健康科普,医疗保健,画渣花小烙,2026-09-02 18:00:00,286,797460,924,3902,9708,7684,3539,62050
74,BV1jHtn6oEKJ,https://www.bilibili.com/video/BV1jHtn6oEKJ,美国银行32岁副总裁在时代广场被随机捅死,海外资讯,资讯,波士顿圆脸,2026-09-02 15:16:18,706,1152288,7659,5473,5685,2551,2432,54442
75,BV1Ygt96VEJg,https://www.bilibili.com/video/BV1Ygt96VEJg,"明明睡了很久, 为什么每天还这么累｜如何提高精力？运动学博士的深度科普",健身科普,健身,北美运动学博士Bruce_PhD,2026-09-03 10:56:26,1044,565947,1128,1215,21582,7542,5017,36770
76,BV1rTtD6mE4k,https://www.bilibili.com/video/BV1rTtD6mE4k,大 周 礼 时 代(28),剧情演绎,小剧场,诸葛皮皮9527,2026-09-03 17:00:00,94,667393,1025,6882,9409,7618,1007,94884
77,BV1e3td6nEEw,https://www.bilibili.com/video/BV1e3td6nEEw,女子打119报警后 上传火警视频却跳转出开屏广告,社会资讯,资讯,闪电新闻,2026-09-03 14:19:55,71,1535751,1074,5242,5140,4288,2217,121501
78,BV1Datu6JEEi,https://www.bilibili.com/video/BV1Datu6JEEi,连英语人都发不明白uygur这个词的音,剧情演绎,小剧场,路西法Lusiferr,2026-09-01 20:00:00,488,1837253,3285,4080,7598,2334,971,85527
79,BV1bct36JE86,https://www.bilibili.com/video/BV1bct36JE86,《成人日语》,非应试语言学习,知识,小蔡在东京,2026-09-01 20:01:47,25,1843367,624,3173,23196,1203,15398,130717
80,BV1YNtb66ErA,https://www.bilibili.com/video/BV1YNtb66ErA,当广告挡住关键时刻，可能就是生死之间,社会资讯,资讯,中国新闻网,2026-08-31 13:36:28,89,3057136,2495,20524,26661,72344,6520,427444
81,BV1kGto6BEiG,https://www.bilibili.com/video/BV1kGto6BEiG,花600天做一道菜，切开的瞬间发光了！,美食制作,美食,绵羊料理,2026-09-04 17:30:00,417,1128577,3687,1014,10704,21500,1437,66454
82,BV1jdtU6TEGJ,https://www.bilibili.com/video/BV1jdtU6TEGJ,【速凌】居然有野人偷吃保险？兄弟们你们同意吗？,射击游戏,游戏,高司令-速凌电竞,2026-09-02 20:50:45,403,4449805,1874,1294,51344,4610,1119,97418
83,BV1Qstz6qEsS,https://www.bilibili.com/video/BV1Qstz6qEsS,美国总统爱吃的芝士牛排三明治，什么味儿？,美食探店,美食,食贫道,2026-09-04 18:00:00,2797,1117598,4320,1262,8466,9042,1455,43480
84,BV1mntg62Ed8,https://www.bilibili.com/video/BV1mntg62Ed8,史上最烂DC电影！万字赤石《超女》！,影视解读,影视,BuriedAlien,2026-09-04 18:00:00,2108,705656,9211,3791,11020,17402,3545,39465
85,BV15Xtd6pEA7,https://www.bilibili.com/video/BV15Xtd6pEA7,我们全班都在嘲笑物理老师那支丑爆了的棕色,网文解读,二次元,科普不无聊,2026-09-03 13:50:53,129,687653,289,1032,14952,890,437,74584
86,BV1V2tJ6DEfH,https://www.bilibili.com/video/BV1V2tJ6DEfH,我们进入西藏吉隆救援核心区，中国安能24小时轮班抢通生命通道,时政资讯,资讯,即刻出发ActionNow,2026-09-02 16:02:00,489,990798,2072,1386,5653,7829,938,44846
87,BV1Xyt76VEnk,https://www.bilibili.com/video/BV1Xyt76VEnk,【影Sir】智斗神中神！从天而降一亿，骗不过对手，就将身负巨债，漫改剧集《诈欺游戏》,影视解读,影视,我是影Sir,2026-09-02 12:37:00,1374,865137,1533,1575,12810,6929,962,31317
88,BV1gqta6LEYz,https://www.bilibili.com/video/BV1gqta6LEYz,在现实中！152毫米口径的大炮！声音是什么样？,工程机械,科技数码,老李船长,2026-09-02 17:00:00,500,678916,2590,1867,6516,13648,1106,54862
89,BV16atJ6cEo2,https://www.bilibili.com/video/BV16atJ6cEo2,⚡杂 鱼⚡萝 莉 妈 妈！你 选 择 谁⚡【终末地】,鬼畜综合,鬼畜,莉可Kurisu,2026-09-02 17:37:45,12,306906,780,1649,47678,5731,10811,81398
90,BV1dWtn6sEyu,https://www.bilibili.com/video/BV1dWtn6sEyu,第一次耽误人家赚钱，好愧疚啊,射击游戏,游戏,苏醒游戏解说,2026-09-02 15:26:48,204,1124596,506,1395,7918,1250,516,62508
91,BV1U8tq6sEb2,https://www.bilibili.com/video/BV1U8tq6sEb2,【月行水上】SR-1至SR-8 摆完挂机 简单好抄,单人RPG游戏,游戏,萧然Q,2026-09-04 12:15:28,1404,1454247,615,2203,5306,19747,615,24831
92,BV1LGbF6KEXB,https://www.bilibili.com/video/BV1LGbF6KEXB,三角洲行动 全身动态特效+史上最强数值手感！新刀重塑全网最详细测评与优缺点介绍！,射击游戏,游戏,Always聪聪,2026-09-04 06:28:09,209,1318165,909,5405,9524,1195,6296,37141
93,BV1kpbc67ELX,https://www.bilibili.com/video/BV1kpbc67ELX,那个死在如是书院的女孩,社会观察,知识,温柔JUNZ,2026-09-04 12:00:00,250,313317,781,2268,6255,24458,1629,74213
94,BV1Pxt96AETY,https://www.bilibili.com/video/BV1Pxt96AETY,吓哭了！电影级大招，心月狐直接给我干到无限城了！！！？,单人RPG游戏,游戏,棉花大哥哥,2026-09-03 11:36:04,596,1003108,841,5793,6105,5925,3611,36138
95,BV1rftm6LERb,https://www.bilibili.com/video/BV1rftm6LERb,校方通报一年级新生家长群内被骗：5名家长受骗，涉及金额3240元，已报案,时政资讯,资讯,九派新闻,2026-09-02 23:25:18,32,1965532,988,5710,8416,579,59373,93649
96,BV1LZbF6vEVR,https://www.bilibili.com/video/BV1LZbF6vEVR,天崩开局，读博两年，我的论文中了顶会,剧情演绎,小剧场,Zhan丨,2026-09-04 12:00:00,362,754560,922,1917,7486,14855,4400,37614
97,BV1URtJ65EUi,https://www.bilibili.com/video/BV1URtJ65EUi,《崩坏3》全新S级角色寻梦者「时序之律者」预告,单人RPG游戏,游戏,崩坏3第一偶像爱酱,2026-09-03 19:00:00,350,502352,1293,6108,7479,12333,5434,43494
98,BV1t2to6LEmj,https://www.bilibili.com/video/BV1t2to6LEmj,当我们决定：在村里给自己拍婚纱照，会发生什么？,婚嫁,生活经验,建康啊,2026-09-03 19:22:06,408,694463,1668,1645,4595,30542,2066,36258
99,BV1f9t86RE52,https://www.bilibili.com/video/BV1f9t86RE52,“所以时间的参照物是什么”【原神混剪】,单人RPG游戏,游戏,小阿柴_,2026-08-31 18:48:50,344,845555,1882,4066,72519,60309,8713,136093
100,BV1xWtg6yEob,https://www.bilibili.com/video/BV1xWtg6yEob,第二集。,AI影视,影视,立志成为恶兽,2026-09-01 11:28:54,131,1541275,698,1849,18839,24562,4862,116170
