词,状态,上期排名,上期词频,本期排名,本期词频,排名变化
中国,新进,,,1,25,
世界,上升,7,9,2,22,5
ai,持平,3,14,3,20,0
制作,上升,8,9,4,20,4
计划,持平,5,11,5,20,0
动画,上升,24,6,6,18,18
小曲,上升,82,4,7,17,75
扶持,下降,6,10,8,17,-2
日本,新进,,,9,15,
美国,上升,859,1,10,15,849
挑战,下降,1,18,11,12,-10
技能,上升,819,1,12,12,807
朋友,新进,,,13,11,
空城计,新进,,,14,11,
找到,上升,557,2,15,11,542
一期,新进,,,16,11,
起来,上升,259,3,17,10,242
全民,下降,9,8,18,10,-9
游戏,下降,4,12,19,10,-15
广告,上升,835,1,20,10,815
时间,上升,472,2,21,10,451
明日方舟,上升,61,4,22,10,39
发现,上升,460,2,23,10,437
角色,上升,176,3,24,10,152
真相,上升,285,2,25,10,260
三角洲,新进,,,26,10,
终末,上升,197,3,27,9,170
流程,新进,,,28,9,
大赛,下降,22,6,29,8,-7
安全,新进,,,30,8,
电影,上升,116,4,31,8,85
华强,上升,212,3,32,8,180
宇宙,上升,40,5,33,8,7
英语,上升,380,2,34,8,346
pv,下降,2,15,35,8,-33
小时,上升,348,2,36,8,312
行动,新进,,,37,8,
周年,上升,44,4,38,8,6
石头,新进,,,39,7,
mv,上升,452,2,40,7,412
绝对,新进,,,41,7,
觉得,新进,,,42,7,
首发,上升,233,3,43,7,190
遇到,新进,,,44,7,
cover,新进,,,45,7,
最大,上升,97,4,46,7,51
演示,上升,677,1,47,7,630
教程,上升,341,2,48,7,293
老师,新进,,,49,7,
直拍,下降,15,6,50,7,-35
史上,新进,,,51,7,
攻略,上升,673,1,52,7,621
推荐,下降,39,5,53,6,-14
specialforaaiff,上升,811,1,54,6,757
恶意,上升,627,2,55,6,572
安心,新进,,,56,6,
制造,新进,,,57,6,
李炮儿,新进,,,58,6,
魔女,新进,,,59,6,
顶级,上升,846,1,60,6,786
一条,上升,240,3,61,6,179
历史,上升,175,3,62,6,113
日语,新进,,,63,6,
原神,新进,,,64,6,
干员,新进,,,65,6,
好像,上升,579,2,66,6,513
全新,上升,446,2,67,6,379
之前,上升,357,2,68,6,289
准备,新进,,,69,6,
总统,新进,,,70,6,
展示,新进,,,71,6,
ign,新进,,,72,6,
神奇,新进,,,73,6,
生物,上升,751,1,74,6,677
网络,上升,125,3,75,6,50
气血,新进,,,76,6,
很足,新进,,,77,6,
核弹,新进,,,78,6,
不同,上升,189,3,79,6,110
详细,下降,50,4,80,6,-30
瞬间,新进,,,81,6,
崩坏,上升,265,2,82,6,183
numb,新进,,,83,6,
弹窗,新进,,,84,6,
真实,下降,36,5,85,5,-49
乡村,新进,,,86,5,
这种,上升,257,3,87,5,170
衣服,新进,,,88,5,
评论,新进,,,89,5,
大学生,上升,504,2,90,5,414
故事,上升,193,3,91,5,102
三年,上升,454,2,92,5,362
之期,上升,869,1,93,5,776
恭迎,上升,870,1,94,5,776
世一上,上升,871,1,95,5,776
归位,上升,872,1,96,5,776
开学,下降,10,8,97,5,-87
特别,上升,826,1,98,5,728
真是,新进,,,99,5,
孩子,新进,,,100,5,
万字,上升,745,1,101,5,644
belike,新进,,,102,5,
注意,新进,,,103,5,
讽刺,新进,,,104,5,
金曲,新进,,,105,5,
填词,新进,,,106,5,
温柔,新进,,,107,5,
方式,上升,376,2,108,5,268
体面,新进,,,109,5,
告别,新进,,,110,5,
听歌,新进,,,111,5,
极限,新进,,,112,5,
鸣潮,新进,,,113,5,
共鸣,新进,,,114,5,
修仙,新进,,,115,5,
男生,上升,404,2,116,5,288
冒险,上升,499,2,117,5,382
轮班,新进,,,118,5,
4k,下降,43,4,119,5,-76
爆肝,新进,,,120,5,
唐吉,新进,,,121,5,
任务,新进,,,122,5,
事件,上升,904,1,123,5,781
网友,上升,333,2,124,5,209
耗时,下降,21,6,125,4,-104
方案,上升,211,3,126,4,85
失踪,上升,256,3,127,4,129
逃离,下降,26,6,128,4,-102
脊梁,上升,626,2,129,4,497
无限,下降,35,5,130,4,-95
成为,下降,33,5,131,4,-98
挡住,上升,836,1,132,4,704
关键时刻,上升,837,1,133,4,704
可能,上升,838,1,134,4,704
生死,上升,343,2,135,4,208
之间,上升,839,1,136,4,703
分钟,上升,192,3,137,4,55
弗斯,新进,,,138,4,
孙悟空,新进,,,139,4,
音乐,上升,217,3,140,4,77
一年,下降,56,4,141,4,-85
穿越,上升,816,1,142,4,674
只会,上升,551,2,143,4,408
同学,新进,,,144,4,
库克,新进,,,145,4,
时代,新进,,,146,4,
牛肉,新进,,,147,4,
雷霆,上升,337,2,148,4,189
埃尔,新进,,,149,4,
入木三分,新进,,,150,4,
字面,新进,,,151,4,
意思,新进,,,152,4,
全球,下降,28,5,153,4,-125
有点,上升,572,2,154,4,418
公司,新进,,,155,4,
当成,上升,657,1,156,4,501
主题乐园,新进,,,157,4,
参照物,新进,,,158,4,
混剪,新进,,,159,4,
主播,新进,,,160,4,
音效,上升,583,2,161,4,422
成人,新进,,,162,4,
北京,新进,,,163,4,
玩家,上升,696,1,164,4,532
姐姐,新进,,,165,4,
曾经,新进,,,166,4,
拍照,新进,,,167,4,
快乐,上升,395,2,168,4,227
喜欢,新进,,,169,4,
记录,新进,,,170,4,
时光,新进,,,171,4,
大桥,新进,,,172,4,
独家,新进,,,173,4,
外挂,新进,,,174,4,
四款,新进,,,175,4,
fps,新进,,,176,4,
人生,新进,,,177,4,
花少,新进,,,178,4,
解说,上升,263,2,179,4,84
赛前,新进,,,180,4,
没想到,新进,,,181,4,
教练,新进,,,182,4,
得出,新进,,,183,4,
cos,新进,,,184,4,
完结,新进,,,185,4,
儿童,新进,,,186,4,
变成,下降,75,4,187,4,-112
买瓜,新进,,,188,4,
几乎,新进,,,189,4,
热传,新进,,,190,4,
鉴定,新进,,,191,4,
可爱,新进,,,192,4,
假面,新进,,,193,4,
允许,新进,,,194,4,
任何人,新进,,,195,4,
漏看,新进,,,196,4,
护肤,新进,,,197,4,
来到,新进,,,198,4,
背后,下降,51,4,199,4,-148
西藏,上升,346,2,200,4,146
赛季,上升,497,2,201,4,296
爆料,新进,,,202,4,
家长,新进,,,203,4,
万人,新进,,,204,4,
终南山,新进,,,205,4,
怪虫,新进,,,206,4,
拍到,新进,,,207,4,
组织,新进,,,208,4,
绝区零,上升,490,2,209,4,281
克拉,新进,,,210,4,
deco,新进,,,211,4,
洗脳,新进,,,212,4,
feat,上升,299,2,213,4,86
初音,新进,,,214,4,
未来,新进,,,215,4,
真玩爽,新进,,,216,4,
垃圾,新进,,,217,4,
星穹铁道,下降,14,6,218,4,-204
一同,新进,,,219,4,
战胜,新进,,,220,4,
伟力,新进,,,221,4,
成就,上升,665,1,222,4,443
天做,新进,,,223,4,
一道,新进,,,224,4,
切开,新进,,,225,4,
发光,新进,,,226,4,
三明治,新进,,,227,4,
最烂,新进,,,228,4,
dc,新进,,,229,4,
赤石,新进,,,230,4,
超女,新进,,,231,4,
简单,新进,,,232,4,
发生,下降,90,4,233,4,-143
一生,上升,258,3,234,4,24
钓鱼,新进,,,235,4,
完成,新进,,,236,4,
正在,新进,,,237,4,
西部,新进,,,238,4,
青春,上升,264,2,239,4,25
一码,新进,,,240,4,
官方,下降,23,6,241,3,-218
不能,上升,625,2,242,3,383
土地,上升,899,1,243,3,656
我的世界,下降,42,5,244,3,-202
画风,上升,915,1,245,3,670
有火,上升,916,1,246,3,670
风险,上升,917,1,247,3,670
存在,上升,568,2,248,3,320
专业,上升,522,2,249,3,273
厨师,上升,523,2,250,3,273
私藏,上升,524,2,251,3,273
小店,上升,525,2,252,3,273
就业指导,上升,505,2,253,3,252
麦当,上升,506,2,254,3,252
薯条,上升,507,2,255,3,252
重奏,上升,508,2,256,3,252
两斤,上升,509,2,257,3,252
土豆,上升,510,2,258,3,252
能够,上升,511,2,259,3,252
救赎,下降,57,4,260,3,-203
现代,上升,619,2,261,3,358
当幽,上升,620,2,262,3,358
ep02,上升,621,2,263,3,358
神仙,上升,622,2,264,3,358
妖怪,上升,623,2,265,3,358
谢谢,上升,624,2,266,3,358
队友,下降,118,4,267,3,-149
漂亮,上升,844,1,268,3,576
误入,下降,142,3,269,3,-127
充满,上升,845,1,270,3,575
财阀,上升,847,1,271,3,576
校园,上升,848,1,272,3,576
川渝转,上升,849,1,273,3,576
学生,上升,850,1,274,3,576
表示,上升,851,1,275,3,576
只想,上升,852,1,276,3,576
好好学习,上升,853,1,277,3,576
吃饭,上升,812,1,278,3,534
一定,下降,41,5,279,3,-238
端菜,上升,813,1,280,3,533
全放,上升,814,1,281,3,533
跟前,上升,815,1,282,3,533
重视,新进,,,283,3,
企业形象,新进,,,284,3,
模仿,新进,,,285,3,
获得,新进,,,286,3,
第二名,新进,,,287,3,
恐怖,下降,17,6,288,3,-271
人类,下降,236,3,289,3,-53
探店,上升,397,2,290,3,107
格局,新进,,,291,3,
肚子,新进,,,292,3,
能装,新进,,,293,3,
内塞,新进,,,294,3,
一套,新进,,,295,3,
工作站,新进,,,296,3,
小米,新进,,,297,3,
澎程,新进,,,298,3,
n90,新进,,,299,3,
max,新进,,,300,3,
用车,新进,,,301,3,
体验,新进,,,302,3,
大睡,新进,,,303,3,
citypop,新进,,,304,3,
remix,新进,,,305,3,
养成,新进,,,306,3,
出现,新进,,,307,3,
幻想,下降,18,6,308,3,-290
厨艺,新进,,,309,3,
嘟嘟,新进,,,310,3,
粉丝,上升,854,1,311,3,543
叙事,新进,,,312,3,
提弗,新进,,,313,3,
洛斯,新进,,,314,3,
萨米,新进,,,315,3,
维格,新进,,,316,3,
oc,新进,,,317,3,
熬夜,新进,,,318,3,
女仆,新进,,,319,3,
夜话,新进,,,320,3,
小剧场,新进,,,321,3,
铁豆,新进,,,322,3,
钢蛋,新进,,,323,3,
你好,新进,,,324,3,
尼泊尔,上升,688,1,325,3,363
大鸣,新进,,,326,3,
王潮,新进,,,327,3,
知道,上升,793,1,328,3,465
不了,上升,596,2,329,3,267
大人,新进,,,330,3,
npc,新进,,,331,3,
从零开始,新进,,,332,3,
黑龙江,新进,,,333,3,
废弃,下降,305,2,334,3,-29
改造,新进,,,335,3,
寒冬,新进,,,336,3,
避难所,新进,,,337,3,
首场,新进,,,338,3,
暴风雪,新进,,,339,3,
做好,新进,,,340,3,
提前,新进,,,341,3,
存储,新进,,,342,3,
物资,新进,,,343,3,
年龄,新进,,,344,3,
开疆拓土,新进,,,345,3,
特朗普,上升,803,1,346,3,457
goat,新进,,,347,3,
传人,新进,,,348,3,
假期,新进,,,349,3,
拍摄,新进,,,350,3,
结城理,新进,,,351,3,
纯手,新进,,,352,3,
初音会,新进,,,353,3,
有市,新进,,,354,3,
无价,新进,,,355,3,
再创,新进,,,356,3,
黄油,新进,,,357,3,
巨型,新进,,,358,3,
松茸,新进,,,359,3,
完美,下降,323,2,360,3,-37
邂逅,新进,,,361,3,
鱼子酱,新进,,,362,3,
只配,新进,,,363,3,
咸菜,新进,,,364,3,
第二集,新进,,,365,3,
程心,新进,,,366,3,
威慑,新进,,,367,3,
异环,新进,,,368,3,
灵可,新进,,,369,3,
频段,新进,,,370,3,
首歌,新进,,,371,3,
改变,新进,,,372,3,
走进,新进,,,373,3,
美丽,新进,,,374,3,
炊哥,新进,,,375,3,
生日,新进,,,376,3,
蛋炒饭,新进,,,377,3,
时长,新进,,,378,3,
通宵,新进,,,379,3,
明白,上升,728,1,380,3,348
uygur,新进,,,381,3,
小时候,下降,355,2,382,3,-27
不会,上升,399,2,383,3,16
热爱,新进,,,384,3,
伊莫,下降,292,2,385,3,-93
幕后,新进,,,386,3,
纪录片,新进,,,387,3,
warma,新进,,,388,3,
两个,上升,458,2,389,3,69
聪明,新进,,,390,3,
轨道,新进,,,391,3,
双子星,新进,,,392,3,
实况,新进,,,393,3,
星期日,新进,,,394,3,
纯路,新进,,,395,3,
封面,新进,,,396,3,
年代,新进,,,397,3,
这是,新进,,,398,3,
建水,新进,,,399,3,
紫陶,新进,,,400,3,
海水,新进,,,401,3,
清澈,新进,,,402,3,
亮度,新进,,,403,3,
震撼,新进,,,404,3,
从小,新进,,,405,3,
长大,新进,,,406,3,
变形,新进,,,407,3,
发射,新进,,,408,3,
模型,下降,74,4,409,3,-335
想到,上升,565,2,410,3,155
钓个,新进,,,411,3,
鱼能,新进,,,412,3,
好笑,新进,,,413,3,
渔力,新进,,,414,3,
全开,新进,,,415,3,
随机,新进,,,416,3,
霍格,新进,,,417,3,
沃茨,新进,,,418,3,
新学年,新进,,,419,3,
擦掉,新进,,,420,3,
嘴角,新进,,,421,3,
伊朗,新进,,,422,3,
血馒头,新进,,,423,3,
不要,新进,,,424,3,
一起,新进,,,425,3,
一刻,新进,,,426,3,
性质,新进,,,427,3,
夜神,新进,,,428,3,
复活,新进,,,429,3,
笔记,新进,,,430,3,
新刀,新进,,,431,3,
s11,新进,,,432,3,
性格,新进,,,433,3,
无语,新进,,,434,3,
不想,上升,810,1,435,3,375
培训,新进,,,436,3,
已写,新进,,,437,3,
群星,新进,,,438,3,
短片,新进,,,439,3,
多诺,新进,,,440,3,
骨牌,新进,,,441,3,
世上,新进,,,442,3,
好人,新进,,,443,3,
李白,新进,,,444,3,
杀死,新进,,,445,3,
遣唐使,新进,,,446,3,
没用,新进,,,447,3,
桃花源记,新进,,,448,3,
一名,新进,,,449,3,
铁血,新进,,,450,3,
精中,新进,,,451,3,
愿意,新进,,,452,3,
阿诺,新进,,,453,3,
耳朵,新进,,,454,3,
海盗,新进,,,455,3,
拉斯维加斯,新进,,,456,3,
苏新皓,下降,273,2,457,3,-184
演唱会,下降,45,4,458,3,-413
day3,新进,,,459,3,
每天,新进,,,460,3,
深度,新进,,,461,3,
芝士,新进,,,462,3,
牛排,新进,,,463,3,
味儿,新进,,,464,3,
全班,新进,,,465,3,
嘲笑,新进,,,466,3,
物理,新进,,,467,3,
那支,新进,,,468,3,
棕色,新进,,,469,3,
最强,上升,908,1,470,3,438
书院,新进,,,471,3,
女孩,上升,704,1,472,3,232
天崩,新进,,,473,3,
开局,下降,457,2,474,3,-17
读博,新进,,,475,3,
两年,新进,,,476,3,
论文,新进,,,477,3,
顶会,新进,,,478,3,
午夜,新进,,,479,3,
伪人,新进,,,480,3,
超市,新进,,,481,3,
慢下来,新进,,,482,3,
手机,新进,,,483,3,
发明,新进,,,484,3,
手书,上升,890,1,485,3,405
汉堡,新进,,,486,3,
搬到,新进,,,487,3,
星星,新进,,,488,3,
初中,新进,,,489,3,
萌黄,新进,,,490,3,
一槽,新进,,,491,3,
幻术,新进,,,492,3,
宇智波,新进,,,493,3,
拉康,新进,,,494,3,
副歌,新进,,,495,3,
跳法,新进,,,496,3,
世界末日,新进,,,497,3,
不通,新进,,,498,3,
最后,上升,719,1,499,3,220
通电话,新进,,,500,3,
payphone,新进,,,501,3,
住处,新进,,,502,3,
差异,新进,,,503,3,
工作,新进,,,504,3,
第一阶段,新进,,,505,3,
不下,新进,,,506,3,
问题,新进,,,507,3,
原创,下降,289,2,508,3,-219
龙叔,新进,,,509,3,
要选,新进,,,510,3,
符咒,新进,,,511,3,
营救,上升,613,2,512,3,101
匪徒,新进,,,513,3,
离谱,新进,,,514,3,
喝多,新进,,,515,3,
没人能,新进,,,516,3,
制裁,新进,,,517,3,
老婆,上升,707,1,518,3,189
硬核,新进,,,519,3,
蜂蜜,新进,,,520,3,
插花,新进,,,521,3,
美学,新进,,,522,3,
无限大,下降,70,4,523,2,-453
铠甲,下降,120,4,524,2,-404
勇士,下降,121,4,525,2,-404
小龙,下降,25,6,526,2,-501
警察,下降,128,3,527,2,-399
越小,新进,,,528,2,
欢快,下降,117,4,529,2,-412
万元,下降,512,2,530,2,-18
成本,下降,513,2,531,2,-18
刘慈欣,下降,514,2,532,2,-18
小说,下降,515,2,533,2,-18
原型,下降,516,2,534,2,-18
仿真,下降,517,2,535,2,-18
科幻电影,下降,518,2,536,2,-18
falsity,下降,250,3,537,2,-287
正版,下降,251,3,538,2,-287
老虎,下降,213,3,539,2,-326
rap,下降,214,3,540,2,-326
多梦,下降,215,3,541,2,-326
综合征,下降,216,3,542,2,-326
相信,下降,58,4,543,2,-485
小女孩,下降,27,5,544,2,-517
完整,下降,59,4,545,2,-486
后续,下降,60,4,546,2,-486
资产,下降,203,3,547,2,-344
缩水,下降,204,3,548,2,-344
a0,下降,205,3,549,2,-344
层级,下降,206,3,550,2,-344
挑选,下降,207,3,551,2,-344
优质,下降,208,3,552,2,-344
桥洞,下降,209,3,553,2,-344
六大,下降,210,3,554,2,-344
高能,上升,586,2,555,2,31
接连,上升,587,2,556,2,31
活着,上升,588,2,557,2,31
疯人院,上升,589,2,558,2,31
一趟,下降,519,2,559,2,-40
西班牙,下降,520,2,560,2,-40
日全食,下降,521,2,561,2,-40
原始社会,上升,817,1,562,2,255
必备,上升,818,1,563,2,255
石臼,上升,820,1,564,2,256
佯作畏,上升,828,1,565,2,263
生惧,上升,829,1,566,2,263
身担,上升,830,1,567,2,263
太行,上升,831,1,568,2,263
赤伶,上升,832,1,569,2,263
变速,下降,81,4,570,2,-489
少年,下降,12,7,571,2,-559
理由,上升,825,1,572,2,253
奥黛塔,下降,544,2,573,2,-29
冰上,下降,545,2,574,2,-29
起舞,下降,546,2,575,2,-29
未必,上升,840,1,576,2,264
忧郁,上升,841,1,577,2,264
国内,下降,549,2,578,2,-29
创新,下降,554,2,579,2,-25
债务,新进,,,580,2,
中美旧,新进,,,581,2,
账单,新进,,,582,2,
到期,新进,,,583,2,
全世界,下降,218,3,584,2,-366
备选,新进,,,585,2,
地球村,新进,,,586,2,
月刊,新进,,,587,2,
超燃,上升,842,1,588,2,254
大乱斗,上升,843,1,589,2,254
一课,上升,827,1,590,2,237
进老,上升,897,1,591,2,306
钱班,上升,898,1,592,2,306
中华民国,新进,,,593,2,
国父,新进,,,594,2,
调研室,新进,,,595,2,
广安,新进,,,596,2,
第二顿,新进,,,597,2,
厨子,新进,,,598,2,
立志,下降,194,3,599,2,-405
恶兽,下降,195,3,600,2,-405
瓶子,下降,575,2,601,2,-26
生活,上升,856,1,602,2,254
大集,新进,,,603,2,
打铁,新进,,,604,2,
感受,新进,,,605,2,
打击乐,新进,,,606,2,
钢牙,新进,,,607,2,
古代,新进,,,608,2,
神医,新进,,,609,2,
到处,新进,,,610,2,
游历,新进,,,611,2,
第一次,新进,,,612,2,
招笑,下降,101,4,613,2,-512
精神,新进,,,614,2,
小妹,新进,,,615,2,
回复,新进,,,616,2,
四千人,新进,,,617,2,
终究,新进,,,618,2,
放开,新进,,,619,2,
接受,下降,595,2,620,2,-25
外国,新进,,,621,2,
援助,新进,,,622,2,
辅助,新进,,,623,2,
万豪,新进,,,624,2,
哥哥,新进,,,625,2,
流量,新进,,,626,2,
密码,新进,,,627,2,
vs,下降,37,5,628,2,-591
十年,上升,652,1,629,2,23
龙龙录,新进,,,630,2,
英雄,下降,438,2,631,2,-193
好玩,新进,,,632,2,
八尺,新进,,,633,2,
夏天,新进,,,634,2,
绝活,新进,,,635,2,
jumpscare,新进,,,636,2,
皇宫,新进,,,637,2,
寻找,新进,,,638,2,
文物,新进,,,639,2,
有史以来,新进,,,640,2,
误解,新进,,,641,2,
最深,新进,,,642,2,
天才,新进,,,643,2,
数学,新进,,,644,2,
人物志,新进,,,645,2,
马努金,新进,,,646,2,
爆款,新进,,,647,2,
短剧,新进,,,648,2,
漫剧,新进,,,649,2,
保姆,新进,,,650,2,
三胞胎,新进,,,651,2,
半夜,新进,,,652,2,
理发,新进,,,653,2,
理发师,新进,,,654,2,
反应,下降,85,4,655,2,-570
好大,新进,,,656,2,
冤屈,新进,,,657,2,
成功,新进,,,658,2,
类型,新进,,,659,2,
没人,新进,,,660,2,
一个月,新进,,,661,2,
生活费,新进,,,662,2,
答案,新进,,,663,2,
兵线,新进,,,664,2,
卡住,新进,,,665,2,
防御,新进,,,666,2,
丧尸,新进,,,667,2,
军队,新进,,,668,2,
每说,新进,,,669,2,
血液,新进,,,670,2,
酒精,新进,,,671,2,
含量,新进,,,672,2,
增加,新进,,,673,2,
20mg,新进,,,674,2,
100ml,新进,,,675,2,
郝哥,新进,,,676,2,
控制,新进,,,677,2,
今晚,新进,,,678,2,
迎来,下降,20,6,679,2,-659
时间重叠,新进,,,680,2,
时刻,新进,,,681,2,
手表,新进,,,682,2,
太阳时,新进,,,683,2,
重合,新进,,,684,2,
现象,新进,,,685,2,
今年,新进,,,686,2,
闹钟,新进,,,687,2,
许愿,新进,,,688,2,
极乐,新进,,,689,2,
净土,新进,,,690,2,
黄色,新进,,,691,2,
巨头,新进,,,692,2,
铁窗,新进,,,693,2,
和平,新进,,,694,2,
地牢,新进,,,695,2,
酒馆,新进,,,696,2,
平原,新进,,,697,2,
劫车,新进,,,698,2,
国服,新进,,,699,2,
安琪拉,新进,,,700,2,
使人,新进,,,701,2,
分镜,新进,,,702,2,
滑板,新进,,,703,2,
捂头,新进,,,704,2,
美国银行,新进,,,705,2,
副总裁,新进,,,706,2,
时代广场,新进,,,707,2,
网上,新进,,,708,2,
买来,新进,,,709,2,
玩具,新进,,,710,2,
办公室,新进,,,711,2,
没窗,新进,,,712,2,
走廊,新进,,,713,2,
带坡,新进,,,714,2,
医院,新进,,,715,2,
设计,新进,,,716,2,
进入,新进,,,717,2,
吉隆,新进,,,718,2,
救援,下降,604,2,719,2,-115
核心区,新进,,,720,2,
抢通,新进,,,721,2,
生命,新进,,,722,2,
通道,新进,,,723,2,
科学,新进,,,724,2,
今日,下降,416,2,725,2,-309
不死,新进,,,726,2,
儿孙满堂,新进,,,727,2,
花小,新进,,,728,2,
手上,新进,,,729,2,
疱疹,新进,,,730,2,
冒出来,新进,,,731,2,
脖子,新进,,,732,2,
前倾,新进,,,733,2,
后仰,新进,,,734,2,
吓哭,新进,,,735,2,
级大招,新进,,,736,2,
心月狐,新进,,,737,2,
干到,新进,,,738,2,
羊毛,新进,,,739,2,
一只,新进,,,740,2,
抽象,新进,,,741,2,
橘猫,新进,,,742,2,
韩语版,新进,,,743,2,
韩国,新进,,,744,2,
大叔,新进,,,745,2,
trot,新进,,,746,2,
串好,新进,,,747,2,
封侯,新进,,,748,2,
不好,新进,,,749,2,
杀头,新进,,,750,2,
当龙叔,新进,,,751,2,
走近,新进,,,752,2,
星穹,新进,,,753,2,
砂金,新进,,,754,2,
戏浪,新进,,,755,2,
苏乐达,新进,,,756,2,
广告费,新进,,,757,2,
加勒比海,新进,,,758,2,
神级,新进,,,759,2,
配乐,新进,,,760,2,
史诗,新进,,,761,2,
shorts,新进,,,762,2,
ハート,新进,,,763,2,
heart111,新进,,,764,2,
明明,新进,,,765,2,
提高,新进,,,766,2,
精力,新进,,,767,2,
运动学,新进,,,768,2,
博士,新进,,,769,2,
科普,新进,,,770,2,
女子,新进,,,771,2,
报警,新进,,,772,2,
上传,新进,,,773,2,
火警,新进,,,774,2,
跳转,新进,,,775,2,
开屏,新进,,,776,2,
偷吃,新进,,,777,2,
兄弟,新进,,,778,2,
月行,下降,66,4,779,2,-713
水上,下降,67,4,780,2,-713
sr-1,新进,,,781,2,
sr-8,新进,,,782,2,
挂机,新进,,,783,2,
全身,新进,,,784,2,
动态,下降,590,2,785,2,-195
特效,新进,,,786,2,
数值,新进,,,787,2,
手感,新进,,,788,2,
重塑,新进,,,789,2,
测评,新进,,,790,2,
优缺点,新进,,,791,2,
介绍,新进,,,792,2,
校方,新进,,,793,2,
通报,新进,,,794,2,
级新生,新进,,,795,2,
群内,新进,,,796,2,
受骗,新进,,,797,2,
涉及,新进,,,798,2,
金额,新进,,,799,2,
报案,新进,,,800,2,
寻梦,新进,,,801,2,
时序,新进,,,802,2,
之律者,新进,,,803,2,
预告,下降,124,3,804,2,-680
决定,新进,,,805,2,
村里,新进,,,806,2,
婚纱照,新进,,,807,2,
化学,新进,,,808,2,
作业,下降,783,1,809,2,-26
因式分解,新进,,,810,2,
达成,新进,,,811,2,
老粉,新进,,,812,2,
集合,新进,,,813,2,
撤离,新进,,,814,2,
团建,新进,,,815,2,
项目,新进,,,816,2,
半佛,新进,,,817,2,
下一代,新进,,,818,2,
还会,新进,,,819,2,
风停了,新进,,,820,2,
很久,新进,,,821,2,
强者,新进,,,822,2,
而生,新进,,,823,2,
全家福,新进,,,824,2,
教会,新进,,,825,2,
工程,新进,,,826,2,
鬼谷,新进,,,827,2,
闲谈,新进,,,828,2,
元素,新进,,,829,2,
娄子,新进,,,830,2,
云南,新进,,,831,2,
宝贝,新进,,,832,2,
一根,新进,,,833,2,
棍子,新进,,,834,2,
下饭,上升,885,1,835,2,50
业余,新进,,,836,2,
车手,新进,,,837,2,
世界冠军,新进,,,838,2,
uci,新进,,,839,2,
fondo,新进,,,840,2,
锦标赛,新进,,,841,2,
解毒,新进,,,842,2,
大师,新进,,,843,2,
男孩,下降,428,2,844,2,-416
男人,新进,,,845,2,
微波炉,新进,,,846,2,
公公,新进,,,847,2,
大美,下降,649,1,848,2,-199
太子,新进,,,849,2,
万斯,新进,,,850,2,
重新,新进,,,851,2,
证明,下降,478,2,852,2,-374
脑洞,新进,,,853,2,
大开,新进,,,854,2,
对抗战,新进,,,855,2,
胜利,新进,,,856,2,
纪念日,新进,,,857,2,
最好,新进,,,858,2,
礼物,新进,,,859,2,
必须,新进,,,860,2,
铭记,新进,,,861,2,
三件,新进,,,862,2,
冰岛,新进,,,863,2,
正片,新进,,,864,2,
kards,新进,,,865,2,
bug,新进,,,866,2,
维度,新进,,,867,2,
第七,新进,,,868,2,
千星,新进,,,869,2,
纪游,新进,,,870,2,
深水,新进,,,871,2,
佐拉,新进,,,872,2,
线全,新进,,,873,2,
口琴,新进,,,874,2,
火箭,新进,,,875,2,
演奏,新进,,,876,2,
互动,新进,,,877,2,
可入局,新进,,,878,2,
单人,新进,,,879,2,
无法,下降,16,6,880,2,-864
口腔溃疡,新进,,,881,2,
体内,新进,,,882,2,
纪念,新进,,,883,2,
恭喜,新进,,,884,2,
千早,新进,,,885,2,
爱音,新进,,,886,2,
加冕,新进,,,887,2,
萌萌王,新进,,,888,2,
盲人,新进,,,889,2,
投放,新进,,,890,2,
死神,新进,,,891,2,
神枪手,新进,,,892,2,
快意,新进,,,893,2,
恩仇,新进,,,894,2,
亲手,新进,,,895,2,
血海深仇,新进,,,896,2,
坠入,新进,,,897,2,
一场,下降,30,5,898,2,-868
惊天大,新进,,,899,2,
阴谋,新进,,,900,2,
超清,新进,,,901,2,
乾乾,新进,,,902,2,
特工,新进,,,903,2,
牛仔,新进,,,904,2,
回归,新进,,,905,2,
逃跑,新进,,,906,2,
废物,新进,,,907,2,
思维,下降,737,1,908,2,-171
男女,新进,,,909,2,
混浴,新进,,,910,2,
温泉,新进,,,911,2,
瀑布,新进,,,912,2,
泡起来,新进,,,913,2,
到底,新进,,,914,2,
刺激,新进,,,915,2,
盘点,下降,489,2,916,2,-427
minecraft,新进,,,917,2,
建筑,新进,,,918,2,
有人,下降,79,4,919,2,-840
一比,新进,,,920,2,
复刻,新进,,,921,2,
地球,下降,475,2,922,2,-447
隐患,新进,,,923,2,
不容,新进,,,924,2,
小觑,新进,,,925,2,
拒绝,新进,,,926,2,
乱象,新进,,,927,2,
switch,新进,,,928,2,
艾尔登法环,新进,,,929,2,
褪色,新进,,,930,2,
实机,下降,676,1,931,2,-255
速通,新进,,,932,2,
彩蛋,新进,,,933,2,
守夜人,新进,,,934,2,
风琴,新进,,,935,2,
只用,新进,,,936,2,
一首歌,新进,,,937,2,
十四,新进,,,938,2,
乖乖,新进,,,939,2,
回家,新进,,,940,2,
花学,新进,,,941,2,
逐帧,新进,,,942,2,
解读,新进,,,943,2,
第一回,新进,,,944,2,
伦敦,新进,,,945,2,
暖气,新进,,,946,2,
致疯,新进,,,947,2,
很长,新进,,,948,2,
选定,新进,,,949,2,
学习,下降,180,3,950,2,-770
刚需,新进,,,951,2,
コンプレックス,新进,,,952,2,
症候群,新进,,,953,2,
mygo,新进,,,954,2,
要死,新进,,,955,2,
巴克,新进,,,956,2,
什太,新进,,,957,2,
评分,新进,,,958,2,
太阳,新进,,,959,2,
升起,新进,,,960,2,
昨天,新进,,,961,2,
忘记,新进,,,962,2,
骑士,新进,,,963,2,
zzz,新进,,,964,2,
吐槽,新进,,,965,2,
九年,新进,,,966,2,
义务教育,新进,,,967,2,
义务,新进,,,968,2,
坐牢,新进,,,969,2,
减负,新进,,,970,2,
反变,新进,,,971,2,
增负,新进,,,972,2,
小学老师,新进,,,973,2,
残酷,新进,,,974,2,
bro,下降,541,2,975,2,-434
潦草,新进,,,976,2,
日常,新进,,,977,2,
一下,新进,,,978,2,
车撞,新进,,,979,2,
羊群,新进,,,980,2,
赔钱,新进,,,981,2,
羊归,新进,,,982,2,
肇事,新进,,,983,2,
三农,新进,,,984,2,
这台,新进,,,985,2,
旧电脑,新进,,,986,2,
年前,新进,,,987,2,
去世,新进,,,988,2,
格林,新进,,,989,2,
re0,新进,,,990,2,
王选篇,新进,,,991,2,
厨房,新进,,,992,2,
基建,新进,,,993,2,
科技,新进,,,994,2,
第三集,下降,893,1,995,2,-102
经历,下降,262,2,996,2,-734
缆车,新进,,,997,2,
惊变,新进,,,998,2,
天然,新进,,,999,2,
露一手,新进,,,1000,2,
紫色,新进,,,1001,2,
鸟窝,新进,,,1002,2,
大菜,新进,,,1003,2,
折叠,新进,,,1004,2,
iphone,新进,,,1005,2,
中学,新进,,,1006,1,
我求,下降,534,2,1007,1,-473
节目,下降,535,2,1008,1,-473
伟哥,下降,547,2,1009,1,-462
试玩,下降,548,2,1010,1,-462
大厂,下降,550,2,1011,1,-461
案例,下降,552,2,1012,1,-460
不敢,下降,553,2,1013,1,-460
障碍,下降,833,1,1014,1,-181
沟通,下降,834,1,1015,1,-181
特辑,下降,93,4,1016,1,-923
循环,下降,94,4,1017,1,-923
寺庙,下降,95,4,1018,1,-923
共享,下降,119,4,1019,1,-900
背包,下降,582,2,1020,1,-438
牙齿,下降,821,1,1021,1,-200
演化,下降,822,1,1022,1,-200
留给,下降,823,1,1023,1,-200
烂摊子,下降,824,1,1024,1,-200
陈泽,下降,103,4,1025,1,-922
桂花,下降,229,3,1026,1,-797
同载,下降,230,3,1027,1,-797
终不似,下降,231,3,1028,1,-797
少年游,下降,232,3,1029,1,-797
妮丝,下降,581,2,1030,1,-449
锻刀,下降,616,2,1031,1,-415
威力,下降,617,2,1032,1,-415
加强版,下降,618,2,1033,1,-415
第一集,下降,196,3,1034,1,-838
刑天,下降,598,2,1035,1,-437
op,下降,599,2,1036,1,-437
二创,下降,600,2,1037,1,-437
相亲相爱,下降,576,2,1038,1,-462
一周,下降,855,1,1039,1,-184
第一条,下降,569,2,1040,1,-471
吃播,下降,570,2,1041,1,-471
不好意思,下降,571,2,1042,1,-471
寒酸,下降,573,2,1043,1,-470
老叟,下降,109,4,1044,1,-935
顽童,下降,110,4,1045,1,-935
白俄,下降,111,4,1046,1,-935
欧盟,下降,112,4,1047,1,-935
命运,新进,,,1048,1,
服从性,下降,913,1,1049,1,-136
测试,下降,914,1,1050,1,-136
新宿,下降,584,2,1051,1,-467
决战,下降,260,3,1052,1,-792
正经,下降,585,2,1053,1,-468
丝瓜,下降,531,2,1054,1,-523
抹布,下降,532,2,1055,1,-523
好用,下降,533,2,1056,1,-523
植物,下降,102,4,1057,1,-955
滚木,下降,873,1,1058,1,-185
坚果,下降,874,1,1059,1,-185
游神,下降,234,3,1060,1,-826
house2,下降,235,3,1061,1,-826
结局,下降,34,5,1062,1,-1028
歪曲事实,下降,887,1,1063,1,-176
媒体,下降,888,1,1064,1,-176
牢玩戏,下降,592,2,1065,1,-473
老鼠,下降,593,2,1066,1,-473
织烟,下降,198,3,1067,1,-869
god,下降,199,3,1068,1,-869
十万,下降,200,3,1069,1,-869
调度,下降,201,3,1070,1,-869
追求,下降,202,3,1071,1,-869
非洲,下降,342,2,1072,1,-730
肥沃,下降,900,1,1073,1,-173
种植,下降,901,1,1074,1,-173
手持,新进,,,1075,1,
步枪,新进,,,1076,1,
大战,新进,,,1077,1,
警用,新进,,,1078,1,
全自动,新进,,,1079,1,
武器,新进,,,1080,1,
登场,新进,,,1081,1,
狂开,新进,,,1082,1,
枪难,新进,,,1083,1,
悲剧,新进,,,1084,1,
青出于蓝而胜于蓝,新进,,,1085,1,
碰到,下降,636,1,1086,1,-450
好事儿,新进,,,1087,1,
i’m,下降,536,2,1088,1,-552
squished,下降,537,2,1089,1,-552
hina,下降,538,2,1090,1,-552
尺度,新进,,,1091,1,
神作,新进,,,1092,1,
扎堆,新进,,,1093,1,
一堆,新进,,,1094,1,
神人,下降,905,1,1095,1,-190
小游戏,新进,,,1096,1,
逗笑,新进,,,1097,1,
龙族,下降,863,1,1098,1,-235
卡塞尔,下降,864,1,1099,1,-235
新世纪,下降,865,1,1100,1,-235
福音战士,下降,866,1,1101,1,-235
联动,下降,867,1,1102,1,-235
余响,下降,868,1,1103,1,-235
火柴,下降,223,3,1104,1,-881
第四十,下降,224,3,1105,1,-881
苦力,下降,225,3,1106,1,-881
部族,下降,226,3,1107,1,-881
creeper,下降,227,3,1108,1,-881
clan,下降,228,3,1109,1,-881
能力,新进,,,1110,1,
责任,新进,,,1111,1,
暗影,新进,,,1112,1,
蜘蛛侠,下降,473,2,1113,1,-640
回答,下降,526,2,1114,1,-588
劳动,下降,527,2,1115,1,-588
人民,下降,528,2,1116,1,-588
最高,下降,529,2,1117,1,-588
调调,下降,555,2,1118,1,-563
坐忘,下降,556,2,1119,1,-563
这真得,新进,,,1120,1,
自助,新进,,,1121,1,
一碗,新进,,,1122,1,
价格,新进,,,1123,1,
一口气,新进,,,1124,1,
物品,新进,,,1125,1,
自动,新进,,,1126,1,
附魔,新进,,,1127,1,
多重,新进,,,1128,1,
射击,新进,,,1129,1,
分裂,新进,,,1130,1,
代价,新进,,,1131,1,
巨作,新进,,,1132,1,
少年时代,新进,,,1133,1,
无法自拔,新进,,,1134,1,
经典,新进,,,1135,1,
回顾,新进,,,1136,1,
东南亚,新进,,,1137,1,
终极,新进,,,1138,1,
之战,新进,,,1139,1,
重制,新进,,,1140,1,
加长版,新进,,,1141,1,
凸眼成,新进,,,1142,1,
神史,新进,,,1143,1,
摄像头,新进,,,1144,1,
使命,新进,,,1145,1,
陪伴,新进,,,1146,1,
老板,下降,401,2,1147,1,-746
离开,新进,,,1148,1,
构建,新进,,,1149,1,
合理,新进,,,1150,1,
世界观,下降,248,3,1151,1,-903
小丑,新进,,,1152,1,
乌龟,新进,,,1153,1,
历险记,新进,,,1154,1,
vol.3,新进,,,1155,1,
鹰角,新进,,,1156,1,
嘉年华,新进,,,1157,1,
主持人,新进,,,1158,1,
魔法,新进,,,1159,1,
zc,新进,,,1160,1,
目录,新进,,,1161,1,
p2,新进,,,1162,1,
一朝,新进,,,1163,1,
伸手,新进,,,1164,1,
反作弊,新进,,,1165,1,
劝诫,新进,,,1166,1,
张家界,新进,,,1167,1,
不赶,新进,,,1168,1,
行程,新进,,,1169,1,
一天,新进,,,1170,1,
天门山,新进,,,1171,1,
回民,新进,,,1172,1,
宿狂,新进,,,1173,1,
外卖,下降,261,2,1174,1,-913
我养,新进,,,1175,1,
牛里,新进,,,1176,1,
混入,新进,,,1177,1,
奇怪,下降,539,2,1178,1,-639
东西,新进,,,1179,1,
击毙,新进,,,1180,1,
清醒,新进,,,1181,1,
反省,新进,,,1182,1,
无奈,新进,,,1183,1,
重蹈覆辙,新进,,,1184,1,
水平,新进,,,1185,1,
是不是,新进,,,1186,1,
屈才,新进,,,1187,1,
说服,新进,,,1188,1,
爸妈,新进,,,1189,1,
预制,新进,,,1190,1,
冷笑,新进,,,1191,1,
选集,新进,,,1192,1,
保底,新进,,,1193,1,
点卷,新进,,,1194,1,
吴彦祖,新进,,,1195,1,
返厂,新进,,,1196,1,
季前赛,新进,,,1197,1,
汇总,新进,,,1198,1,
代码,新进,,,1199,1,
单片机,新进,,,1200,1,
运行,新进,,,1201,1,
补档,新进,,,1202,1,
第一期,新进,,,1203,1,
pov,新进,,,1204,1,
低调,新进,,,1205,1,
p3,新进,,,1206,1,
速凌,新进,,,1207,1,
野人,新进,,,1208,1,
保险,新进,,,1209,1,
同意,新进,,,1210,1,
sir,新进,,,1211,1,
智斗,新进,,,1212,1,
神中神,新进,,,1213,1,
从天而降,新进,,,1214,1,
一亿,新进,,,1215,1,
对手,新进,,,1216,1,
身负,新进,,,1217,1,
巨债,新进,,,1218,1,
漫改,新进,,,1219,1,
剧集,新进,,,1220,1,
诈欺,新进,,,1221,1,
现实,下降,567,2,1222,1,-655
毫米,下降,786,1,1223,1,-437
口径,新进,,,1224,1,
大炮,新进,,,1225,1,
声音,新进,,,1226,1,
耽误,下降,756,1,1227,1,-471
赚钱,新进,,,1228,1,
愧疚,新进,,,1229,1,
旗腹,新进,,,1230,1,
姬蜂,新进,,,1231,1,
蟑螂,新进,,,1232,1,
杀手,下降,145,3,1233,1,-1088
特厨,下降,396,2,1234,1,-838
吃宵夜,新进,,,1235,1,
二探,新进,,,1236,1,
洪达,新进,,,1237,1,
面馆,新进,,,1238,1,
泥石流,下降,447,2,1239,1,-792
灾害,新进,,,1240,1,
中美印,新进,,,1241,1,
提出,新进,,,1242,1,
赔偿,新进,,,1243,1,
要求,新进,,,1244,1,
秦宣,新进,,,1245,1,
四方,新进,,,1246,1,
忘川,新进,,,1247,1,
风华,新进,,,1248,1,
无衣颂,新进,,,1249,1,
前程,新进,,,1250,1,
驿站,新进,,,1251,1,
里加,新进,,,1252,1,
穿成,新进,,,1253,1,
hiphop,新进,,,1254,1,
赶出来,新进,,,1255,1,
我教,新进,,,1256,1,
使用,新进,,,1257,1,
布丁,新进,,,1258,1,
一部,下降,746,1,1259,1,-513
san,新进,,,1260,1,
中式,下降,308,2,1261,1,-953
模拟,新进,,,1262,1,
悬疑,新进,,,1263,1,
伊德,新进,,,1264,1,
失忆,新进,,,1265,1,
核电站,新进,,,1266,1,
难道,新进,,,1267,1,
放弃,新进,,,1268,1,
萨拉,新进,,,1269,1,
用手,新进,,,1270,1,
还原,新进,,,1271,1,
badapple,新进,,,1272,1,
走到,新进,,,1273,1,
一步,新进,,,1274,1,
我施,新进,,,1275,1,
笨蛋,新进,,,1276,1,
burglin,新进,,,1277,1,
gnomes,新进,,,1278,1,
原版,新进,,,1279,1,
之外,新进,,,1280,1,
幽灵,新进,,,1281,1,
量子,新进,,,1282,1,
叠加,新进,,,1283,1,
傲娇,新进,,,1284,1,
没有,新进,,,1285,1,
环境,新进,,,1286,1,
江苏,新进,,,1287,1,
南京,新进,,,1288,1,
麦乐,新进,,,1289,1,
鸡块,新进,,,1290,1,
碎尸案,新进,,,1291,1,
太行山,新进,,,1292,1,
美水,新进,,,1293,1,
美人,新进,,,1294,1,
收敛,新进,,,1295,1,
谎言,新进,,,1296,1,
舞蹈,新进,,,1297,1,
厨师长,下降,237,3,1298,1,-1061
开小灶,新进,,,1299,1,
牛肠锅,新进,,,1300,1,
茶碗,新进,,,1301,1,
海鲜,新进,,,1302,1,
纳豆,新进,,,1303,1,
ep,新进,,,1304,1,
link,新进,,,1305,1,
血火,新进,,,1306,1,
相连,新进,,,1307,1,
乌克兰,新进,,,1308,1,
军统,新进,,,1309,1,
中统,新进,,,1310,1,
划时代,新进,,,1311,1,
颠覆,新进,,,1312,1,
认知,新进,,,1313,1,
孤岛,新进,,,1314,1,
小夫,新进,,,1315,1,
老爸,新进,,,1316,1,
在外,新进,,,1317,1,
老妈,新进,,,1318,1,
在家,下降,162,3,1319,1,-1157
出轨,新进,,,1320,1,
我来,新进,,,1321,1,
捉奸,新进,,,1322,1,
数年,新进,,,1323,1,
无人,新进,,,1324,1,
停捐,新进,,,1325,1,
一月,新进,,,1326,1,
催捐,新进,,,1327,1,
四川,新进,,,1328,1,
单亲,新进,,,1329,1,
妈妈,新进,,,1330,1,
寒心,新进,,,1331,1,
多名,新进,,,1332,1,
同款,新进,,,1333,1,
杜鹃,新进,,,1334,1,
自制,新进,,,1335,1,
聊斋志异,新进,,,1336,1,
李伯言,新进,,,1337,1,
困守,新进,,,1338,1,
地面,新进,,,1339,1,
极寒,新进,,,1340,1,
步步,新进,,,1341,1,
紧逼,新进,,,1342,1,
绝境,新进,,,1343,1,
之下,新进,,,1344,1,
重返,新进,,,1345,1,
天空,新进,,,1346,1,
末日,新进,,,1347,1,
教育,新进,,,1348,1,
意义,下降,558,2,1349,1,-791
我家,新进,,,1350,1,
企鹅,新进,,,1351,1,
香槟,新进,,,1352,1,
射马云,新进,,,1353,1,
舞女,新进,,,1354,1,
十八,新进,,,1355,1,
许家,新进,,,1356,1,
印从,新进,,,1357,1,
首富,新进,,,1358,1,
白毛,新进,,,1359,1,
萝莉,下降,459,2,1360,1,-901
狠人,新进,,,1361,1,
全宇宙,新进,,,1362,1,
非要,新进,,,1363,1,
ふわふわ,新进,,,1364,1,
時間,新进,,,1365,1,
平泽唯,新进,,,1366,1,
llustrator,新进,,,1367,1,
技巧,新进,,,1368,1,
轻松,新进,,,1369,1,
逼真,新进,,,1370,1,
3d,下降,889,1,1371,1,-482
木质,新进,,,1372,1,
棋盘,新进,,,1373,1,
新人,新进,,,1374,1,
战斗,下降,386,2,1375,1,-989
景燃,新进,,,1376,1,
stn,新进,,,1377,1,
快报,新进,,,1378,1,
德国科隆,新进,,,1379,1,
哪来,新进,,,1380,1,
这真,下降,398,2,1381,1,-983
僵尸,下降,659,1,1382,1,-723
健忘,新进,,,1383,1,
撑杆跳,新进,,,1384,1,
地表,新进,,,1385,1,
飞行员,新进,,,1386,1,
战斗机,新进,,,1387,1,
冲上,新进,,,1388,1,
万米,新进,,,1389,1,
高空,新进,,,1390,1,
竟是,新进,,,1391,1,
冰淇淋,新进,,,1392,1,
出界,新进,,,1393,1,
吸毒,新进,,,1394,1,
性侵,新进,,,1395,1,
亿造,新进,,,1396,1,
空气,新进,,,1397,1,
马桶,新进,,,1398,1,
霸凌,新进,,,1399,1,
欧洲,新进,,,1400,1,
拉完,新进,,,1401,1,
蜜蜂,新进,,,1402,1,
火龙果,新进,,,1403,1,
色素,新进,,,1404,1,
蜂巢,新进,,,1405,1,
染色,新进,,,1406,1,
实验,新进,,,1407,1,
酿造,新进,,,1408,1,
周年纪念,新进,,,1409,1,
大红,新进,,,1410,1,
炫彩,新进,,,1411,1,
线索,新进,,,1412,1,
五个,新进,,,1413,1,
依次,新进,,,1414,1,
翻转,新进,,,1415,1,
实数,新进,,,1416,1,
长得,新进,,,1417,1,
好看,新进,,,1418,1,
失败,新进,,,1419,1,
焦虑,新进,,,1420,1,
国家,新进,,,1421,1,
培养,新进,,,1422,1,
超级,新进,,,1423,1,
医美,新进,,,1424,1,
产业,新进,,,1425,1,
选手,新进,,,1426,1,
小孩,新进,,,1427,1,
中秋,新进,,,1428,1,
国庆,新进,,,1429,1,
长弓,新进,,,1430,1,
溪谷,新进,,,1431,1,
点当,新进,,,1432,1,
扰民,新进,,,1433,1,
天下,新进,,,1434,1,
无拐,新进,,,1435,1,
荷气,新进,,,1436,1,
生香,新进,,,1437,1,
荷心,新进,,,1438,1,
纳静,新进,,,1439,1,
荷叶,新进,,,1440,1,
荷花,新进,,,1441,1,
远征,新进,,,1442,1,
禅意,新进,,,1443,1,
东方,新进,,,1444,1,
木头人,新进,,,1445,1,
改编,下降,450,2,1446,1,-996
劫机,新进,,,1447,1,
韩国政府,新进,,,1448,1,
这波,新进,,,1449,1,
忽悠,新进,,,1450,1,
满分,新进,,,1451,1,
凶降,新进,,,1452,1,
喜讯,新进,,,1453,1,
各路,新进,,,1454,1,
至冬,新进,,,1455,1,
俄罗斯,新进,,,1456,1,
纪念碑,新进,,,1457,1,
士兵,新进,,,1458,1,
枪托,新进,,,1459,1,
日本帝国,新进,,,1460,1,
紧急,新进,,,1461,1,
交涉,新进,,,1462,1,
菊花,新进,,,1463,1,
像征,新进,,,1464,1,
皇室,新进,,,1465,1,
俄方,新进,,,1466,1,
回绝,新进,,,1467,1,
军国主义,新进,,,1468,1,
罪证,新进,,,1469,1,
右手,下降,392,2,1470,1,-1078
握力,新进,,,1471,1,
公斤,新进,,,1472,1,
千万,下降,137,3,1473,1,-1336
播放,新进,,,1474,1,
综艺,新进,,,1475,1,
探班,新进,,,1476,1,
收回,新进,,,1477,1,
二战,新进,,,1478,1,
原本,新进,,,1479,1,
领土,新进,,,1480,1,
一众,新进,,,1481,1,
不住,新进,,,1482,1,
天灾,新进,,,1483,1,
降临,新进,,,1484,1,
前方,新进,,,1485,1,
道路,新进,,,1486,1,
龙卷风,新进,,,1487,1,
摧毁,新进,,,1488,1,
应对,新进,,,1489,1,
十万人,新进,,,1490,1,
宿舍,新进,,,1491,1,
真机,新进,,,1492,1,
再手,新进,,,1493,1,
ultra,新进,,,1494,1,
适配,新进,,,1495,1,
ios,新进,,,1496,1,
系统,下降,387,2,1497,1,-1110
那岩,新进,,,1498,1,
kjmx,新进,,,1499,1,
机场,新进,,,1500,1,
跟随,新进,,,1501,1,
旅行,下降,91,4,1502,1,-1411
意外,新进,,,1503,1,
翻新,新进,,,1504,1,
一整,新进,,,1505,1,
小学,新进,,,1506,1,
2026lpl,新进,,,1507,1,
第三,新进,,,1508,1,
赛段,新进,,,1509,1,
ig,新进,,,1510,1,
大脑,新进,,,1511,1,
动漫,新进,,,1512,1,
普通人,新进,,,1513,1,
第一件,新进,,,1514,1,
事该,新进,,,1515,1,
干什么,下降,773,1,1516,1,-743
萌心,新进,,,1517,1,
相动,新进,,,1518,1,
pvz,掉出,11,7,,,
贵州,掉出,13,7,,,
蛋糕,掉出,19,6,,,
娱乐圈,掉出,29,5,,,
系列,掉出,31,5,,,
大瓜,掉出,32,5,,,
几个,掉出,38,5,,,
上线,掉出,46,4,,,
定档,掉出,47,4,,,
源初,掉出,48,4,,,
局部,掉出,49,4,,,
互相,掉出,52,4,,,
思达,掉出,53,4,,,
逆水,掉出,54,4,,,
同归,掉出,55,4,,,
女神,掉出,62,4,,,
异闻录,掉出,63,4,,,
reload,掉出,64,4,,,
sidestory,掉出,65,4,,,
活动,掉出,68,4,,,
宣传,掉出,69,4,,,
美术,掉出,71,4,,,
展里,掉出,72,4,,,
假人,掉出,73,4,,,
真人,掉出,76,4,,,
尸体,掉出,77,4,,,
善终,掉出,78,4,,,
缝缝补补,掉出,80,4,,,
浪漫,掉出,83,4,,,
天分,掉出,84,4,,,
迟钝,掉出,86,4,,,
添加,掉出,87,4,,,
大果,掉出,88,4,,,
按计划,掉出,89,4,,,
出发,掉出,92,4,,,
搬空,掉出,96,4,,,
一票,掉出,98,4,,,
晚上,掉出,99,4,,,
热门,掉出,100,4,,,
科隆,掉出,104,4,,,
猛男,掉出,105,4,,,
化身,掉出,106,4,,,
猎人,掉出,107,4,,,
animals,掉出,108,4,,,
真正,掉出,113,4,,,
好友,掉出,114,4,,,
共绘大,掉出,115,4,,,
迟到,掉出,122,3,,,
登陆,掉出,123,3,,,
背心,掉出,126,3,,,
尊者,掉出,127,3,,,
追捕,掉出,129,3,,,
抓到,掉出,130,3,,,
万美金,掉出,131,3,,,
币圈,掉出,132,3,,,
富豪,掉出,133,3,,,
孙宇晨手,掉出,134,3,,,
撕景甜,掉出,135,3,,,
索赔,掉出,136,3,,,
彩礼,掉出,138,3,,,
金融,掉出,139,3,,,
惊天,掉出,140,3,,,
巨瓜,掉出,141,3,,,
寿星,掉出,143,3,,,
来切,掉出,144,3,,,
grand,掉出,146,3,,,
theft,掉出,147,3,,,
auto,掉出,148,3,,,
分量,掉出,149,3,,,
十足,掉出,150,3,,,
一瞥,掉出,151,3,,,
完全,掉出,152,3,,,
英国,掉出,153,3,,,
小姐,掉出,154,3,,,
代孕,掉出,155,3,,,
片场,掉出,156,3,,,
头号,掉出,157,3,,,
新鲜出炉,掉出,158,3,,,
骑手,掉出,159,3,,,
依旧,掉出,160,3,,,
跟着,掉出,161,3,,,
做出,掉出,163,3,,,
油亮,掉出,164,3,,,
红润,掉出,165,3,,,
肥而,掉出,166,3,,,
不腻,掉出,167,3,,,
红烧肉,掉出,168,3,,,
美食,掉出,169,3,,,
朝阳,掉出,170,3,,,
古怪,掉出,171,3,,,
南方,掉出,172,3,,,
哥特,掉出,173,3,,,
惨痛,掉出,174,3,,,
二次元,掉出,177,3,,,
女儿,掉出,178,3,,,
爸爸,掉出,179,3,,,
抹面,掉出,181,3,,,
沉着,掉出,182,3,,,
冷静,掉出,183,3,,,
专注,掉出,184,3,,,
力拉满,掉出,185,3,,,
几种,掉出,186,3,,,
实用,掉出,187,3,,,
绳结,掉出,188,3,,,
战备,掉出,190,3,,,
医平事,掉出,191,3,,,
买入,掉出,219,3,,,
新番,掉出,220,3,,,
导视,掉出,221,3,,,
泛式,掉出,222,3,,,
下班,掉出,238,3,,,
偷偷,掉出,239,3,,,
名贵,掉出,241,3,,,
金目,掉出,242,3,,,
开个,掉出,243,3,,,
小灶,掉出,244,3,,,
古神,掉出,245,3,,,
风里,掉出,246,3,,,
预告片,掉出,247,3,,,
前瞻,掉出,249,3,,,
巨构,掉出,252,3,,,
暗黑,掉出,253,3,,,
森林,掉出,254,3,,,
不可,掉出,255,3,,,
知更鸟,掉出,266,2,,,
晴歌,掉出,267,2,,,
追赶,掉出,268,2,,,
方向,掉出,269,2,,,
宝箱,掉出,270,2,,,
乐园,掉出,271,2,,,
国产,掉出,272,2,,,
abracadabra,掉出,274,2,,,
杭州,掉出,275,2,,,
电梯,掉出,276,2,,,
猥亵,掉出,277,2,,,
反转,掉出,278,2,,,
法律,掉出,279,2,,,
邻居,掉出,280,2,,,
清白,掉出,281,2,,,
舆论,掉出,282,2,,,
私刑,掉出,283,2,,,
执行,掉出,284,2,,,
常态,掉出,286,2,,,
朱志鑫,掉出,287,2,,,
day-1,掉出,288,2,,,
机位,掉出,290,2,,,
伊始,掉出,291,2,,,
pc,掉出,293,2,,,
移动,掉出,294,2,,,
本家,掉出,295,2,,,
東京,掉出,296,2,,,
真中,掉出,297,2,,,
ブレインロット,掉出,298,2,,,
重音,掉出,300,2,,,
テト,掉出,301,2,,,
一层,掉出,302,2,,,
永远,掉出,303,2,,,
逃脱,掉出,304,2,,,
楼层,掉出,306,2,,,
绝望,掉出,307,2,,,
打卡,掉出,309,2,,,
打工,掉出,310,2,,,
打钱,掉出,311,2,,,
克斯,掉出,312,2,,,
小队,掉出,313,2,,,
金钱,掉出,314,2,,,
结首,掉出,315,2,,,
诸神入,掉出,316,2,,,
斩尽,掉出,317,2,,,
死结,掉出,318,2,,,
世间,掉出,319,2,,,
千疮百孔,掉出,320,2,,,
红色,掉出,321,2,,,
高跟鞋,掉出,322,2,,,
桑多,掉出,324,2,,,
需要,掉出,325,2,,,
执行官,掉出,326,2,,,
照顾,掉出,327,2,,,
罕见,掉出,328,2,,,
降雨,掉出,329,2,,,
精准,掉出,330,2,,,
降落,掉出,331,2,,,
车上,掉出,332,2,,,
姐妹,掉出,334,2,,,
凌晨,掉出,335,2,,,
醉酒,掉出,336,2,,,
姐妹花,掉出,338,2,,,
水桶,掉出,339,2,,,
脱困,掉出,340,2,,,
东北,掉出,344,2,,,
徒步,掉出,345,2,,,
十倍,掉出,347,2,,,
分版,掉出,349,2,,,
gbc,掉出,350,2,,,
小动画,掉出,351,2,,,
杀意,掉出,352,2,,,
波动,掉出,353,2,,,
仁菜,掉出,354,2,,,
开智,掉出,356,2,,,
热烈欢迎,掉出,358,2,,,
美神,掉出,359,2,,,
阿姨,掉出,360,2,,,
奶奶,掉出,361,2,,,
奢物,掉出,362,2,,,
碰撞,掉出,363,2,,,
天亮,掉出,364,2,,,
天黑,掉出,365,2,,,
胡茬,掉出,366,2,,,
虎哥,掉出,367,2,,,
采访,掉出,368,2,,,
土木,掉出,369,2,,,
第二,掉出,370,2,,,
下跪,掉出,371,2,,,
道歉,掉出,372,2,,,
臣妾,掉出,373,2,,,
私通,掉出,374,2,,,
jojo,掉出,375,2,,,
打开,掉出,377,2,,,
天龙八部,掉出,378,2,,,
概念,掉出,379,2,,,
米哈游,掉出,381,2,,,
写实,掉出,382,2,,,
虚幻,掉出,383,2,,,
引擎,掉出,384,2,,,
之结,掉出,385,2,,,
讲解,掉出,388,2,,,
蒋大为,掉出,389,2,,,
第一课,掉出,390,2,,,
左手,掉出,391,2,,,
慢动作,掉出,393,2,,,
寒给,掉出,394,2,,,
肉铺,掉出,400,2,,,
定价,掉出,402,2,,,
女生,掉出,403,2,,,
怪兽,掉出,405,2,,,
一群,掉出,406,2,,,
奥特曼,掉出,407,2,,,
卧底,掉出,408,2,,,
来时,掉出,409,2,,,
同行,掉出,410,2,,,
照去,掉出,411,2,,,
剑网,掉出,412,2,,,
十七,掉出,413,2,,,
主题曲,掉出,414,2,,,
山河,掉出,415,2,,,
上映,掉出,417,2,,,
斯科特,掉出,418,2,,,
评测,掉出,419,2,,,
欢愉,掉出,420,2,,,
生存,掉出,421,2,,,
强度,掉出,422,2,,,
不错,掉出,423,2,,,
光锥,掉出,424,2,,,
遗器,掉出,425,2,,,
配队,掉出,426,2,,,
建议,掉出,427,2,,,
雨天,掉出,429,2,,,
飙车,掉出,430,2,,,
路滑且,掉出,431,2,,,
车速,掉出,432,2,,,
过快,掉出,433,2,,,
路边,掉出,434,2,,,
小汽车,掉出,435,2,,,
撞碎,掉出,436,2,,,
睾丸,掉出,437,2,,,
联盟,掉出,439,2,,,
邓紫棋,掉出,440,2,,,
心之歌,掉出,441,2,,,
台球厅,掉出,442,2,,,
最贵,掉出,443,2,,,
桌子,掉出,444,2,,,
睡觉,掉出,445,2,,,
砖家,掉出,448,2,,,
夸张,掉出,449,2,,,
识鼠,掉出,451,2,,,
女主,掉出,453,2,,,
戴夫,掉出,455,2,,,
娘化,掉出,456,2,,,
父母,掉出,461,2,,,
亿万富翁,掉出,462,2,,,
吃瓜,掉出,463,2,,,
必看,掉出,464,2,,,
全面,掉出,465,2,,,
复盘,掉出,466,2,,,
景甜,掉出,467,2,,,
孙宇晨,掉出,468,2,,,
炸裂,掉出,469,2,,,
太乱,掉出,470,2,,,
紧张,掉出,471,2,,,
命护,掉出,474,2,,,
弗洛伊德,掉出,476,2,,,
否认,掉出,477,2,,,
说得对,掉出,479,2,,,
上古,掉出,480,2,,,
互联网,掉出,481,2,,,
认出,掉出,482,2,,,
多元,掉出,483,2,,,
techiebysa,掉出,484,2,,,
一败涂地,掉出,485,2,,,
兔娘,掉出,486,2,,,
比较,掉出,487,2,,,
认识,掉出,488,2,,,
版本,掉出,491,2,,,
隐秘,掉出,492,2,,,
往事,掉出,493,2,,,
洛克,掉出,494,2,,,
王国,掉出,495,2,,,
s4,掉出,496,2,,,
狂想,掉出,498,2,,,
即将,掉出,500,2,,,
开启,掉出,501,2,,,
重炮,掉出,502,2,,,
弹幕,掉出,503,2,,,
稍后,掉出,530,2,,,
硬盘,掉出,540,2,,,
身体素质,掉出,542,2,,,
强悍,掉出,543,2,,,
自助餐,掉出,559,2,,,
九大,掉出,560,2,,,
属于,掉出,561,2,,,
单车,掉出,562,2,,,
100km,掉出,563,2,,,
台湾,掉出,564,2,,,
事情,掉出,566,2,,,
等待,掉出,574,2,,,
加上,掉出,577,2,,,
屏幕,掉出,578,2,,,
玩大,掉出,580,2,,,
只刀盾,掉出,591,2,,,
医生,掉出,594,2,,,
骨折,掉出,597,2,,,
破破烂烂,掉出,601,2,,,
现场,掉出,602,2,,,
消防员,掉出,603,2,,,
第一,掉出,605,2,,,
视角,掉出,606,2,,,
高层住宅,掉出,607,2,,,
着火,掉出,608,2,,,
被困,掉出,609,2,,,
众人,掉出,610,2,,,
合力,掉出,611,2,,,
争分夺秒,掉出,612,2,,,
镰刀,掉出,614,2,,,
喝血,掉出,615,2,,,
侦探,掉出,628,2,,,
舒服,掉出,629,1,,,
星际,掉出,630,1,,,
一巴掌,掉出,631,1,,,
淘金,掉出,632,1,,,
黄金,掉出,633,1,,,
赌局,掉出,634,1,,,
凤凰古城,掉出,635,1,,,
一位,掉出,637,1,,,
无臂,掉出,638,1,,,
白天,掉出,639,1,,,
写字,掉出,640,1,,,
谋生,掉出,641,1,,,
磨难,掉出,642,1,,,
坚毅,掉出,643,1,,,
向阳,掉出,644,1,,,
点个,掉出,645,1,,,
王中王,掉出,646,1,,,
夺冠,掉出,647,1,,,
自战,掉出,648,1,,,
山歌,掉出,650,1,,,
过瘾,掉出,651,1,,,
面值,掉出,653,1,,,
人出,掉出,654,1,,,
奥黛塔来,掉出,655,1,,,
冬快,掉出,656,1,,,
coser,掉出,658,1,,,
收集,掉出,660,1,,,
千星城,掉出,661,1,,,
无名,掉出,662,1,,,
尘灵,掉出,663,1,,,
变奏,掉出,664,1,,,
狸猫,掉出,666,1,,,
战利品,掉出,667,1,,,
jump,掉出,668,1,,,
浮脂,掉出,669,1,,,
溯源,掉出,670,1,,,
纪念币,掉出,671,1,,,
贴心,掉出,672,1,,,
动物,掉出,674,1,,,
朋克,掉出,675,1,,,
动作,掉出,678,1,,,
新游,掉出,679,1,,,
单机,掉出,680,1,,,
湮灭,掉出,681,1,,,
之潮,掉出,682,1,,,
宣传片,掉出,683,1,,,
旧日,掉出,684,1,,,
之纱,掉出,685,1,,,
堪比,掉出,686,1,,,
海啸,掉出,687,1,,,
厉害,掉出,689,1,,,
王者,掉出,690,1,,,
荣耀,掉出,691,1,,,
一直,掉出,692,1,,,
公正,掉出,693,1,,,
绝不会,掉出,694,1,,,
偏袒,掉出,695,1,,,
贱谍,掉出,697,1,,,
过家家,掉出,698,1,,,
蒙眼,掉出,699,1,,,
泥坑,掉出,700,1,,,
绳子,掉出,701,1,,,
恐惧,掉出,702,1,,,
高中,掉出,703,1,,,
男同学,掉出,705,1,,,
老公,掉出,706,1,,,
青涩,掉出,708,1,,,
纯爱,掉出,709,1,,,
漫画,掉出,710,1,,,
离婚,掉出,711,1,,,
ooo,掉出,712,1,,,
有变,掉出,713,1,,,
接下来,掉出,714,1,,,
一万,掉出,715,1,,,
这家,掉出,716,1,,,
剁椒面,掉出,717,1,,,
坚持,掉出,718,1,,,
我爷,掉出,720,1,,,
做成,掉出,721,1,,,
百万,掉出,722,1,,,
录音棚,掉出,723,1,,,
试听,掉出,724,1,,,
万台,掉出,725,1,,,
召回,掉出,726,1,,,
讲清楚,掉出,727,1,,,
国外,掉出,729,1,,,
早熟,掉出,730,1,,,
这要,掉出,731,1,,,
一杯,掉出,732,1,,,
物语,掉出,733,1,,,
坐电梯,掉出,734,1,,,
下楼,掉出,735,1,,,
弱者,掉出,736,1,,,
男生女生,掉出,738,1,,,
向前,掉出,739,1,,,
轮椅,掉出,740,1,,,
四世,掉出,741,1,,,
轮回,掉出,742,1,,,
回到,掉出,743,1,,,
身边,掉出,744,1,,,
csol,掉出,747,1,,,
灾变,掉出,748,1,,,
剧情,掉出,749,1,,,
难过,掉出,750,1,,,
无穷小,掉出,752,1,,,
亮能,掉出,753,1,,,
看出,掉出,754,1,,,
快点,掉出,755,1,,,
舰队,掉出,757,1,,,
被虫海,掉出,758,1,,,
淹没,掉出,759,1,,,
亮出,掉出,760,1,,,
光刃,掉出,761,1,,,
弃船,掉出,762,1,,,
冲锋,掉出,763,1,,,
dogcraft80,掉出,764,1,,,
小石,掉出,765,1,,,
奶凶,掉出,766,1,,,
雪媚娘,掉出,767,1,,,
找出,掉出,768,1,,,
馒头,掉出,769,1,,,
永生,掉出,770,1,,,
预期,掉出,771,1,,,
寿命,掉出,772,1,,,
半生,掉出,774,1,,,
微光,掉出,775,1,,,
远方,掉出,776,1,,,
无恙,掉出,777,1,,,
忘不掉,掉出,778,1,,,
手足情深,掉出,779,1,,,
梦魇,掉出,780,1,,,
轻声,掉出,781,1,,,
耳语,掉出,782,1,,,
现状,掉出,784,1,,,
800mm,掉出,785,1,,,
一发,掉出,787,1,,,
造成,掉出,788,1,,,
爆炸,掉出,789,1,,,
不止,掉出,790,1,,,
铁巢,掉出,791,1,,,
特殊,掉出,792,1,,,
知识,掉出,794,1,,,
便利店,掉出,795,1,,,
奇遇,掉出,796,1,,,
接水篇,掉出,797,1,,,
来财,掉出,798,1,,,
asmr,掉出,799,1,,,
日本首相,掉出,800,1,,,
高市,掉出,801,1,,,
早苗,掉出,802,1,,,
推特,掉出,804,1,,,
治国,掉出,805,1,,,
尼中,掉出,806,1,,,
边境,掉出,807,1,,,
千人,掉出,808,1,,,
讨论,掉出,809,1,,,
别花,掉出,857,1,,,
穷人,掉出,858,1,,,
彪悍,掉出,860,1,,,
最野,掉出,861,1,,,
最香,掉出,862,1,,,
绝密,掉出,875,1,,,
航天,掉出,876,1,,,
一颗,掉出,877,1,,,
炸死,掉出,878,1,,,
六个,掉出,879,1,,,
全装,掉出,880,1,,,
工藤星,掉出,881,1,,,
阿星,掉出,882,1,,,
尖椒,掉出,883,1,,,
豆腐,掉出,884,1,,,
之菜,掉出,886,1,,,
道士,掉出,891,1,,,
怕鬼,掉出,892,1,,,
牢达,掉出,894,1,,,
一面,掉出,895,1,,,
托付,掉出,896,1,,,
近期,掉出,902,1,,,
热点,掉出,903,1,,,
梦州,掉出,906,1,,,
雨爱版,掉出,907,1,,,
战绩,掉出,909,1,,,
铭刻,掉出,910,1,,,
于梦州,掉出,911,1,,,
蟹壳,掉出,912,1,,,
