词,词频
ai,4
动画,4
制作,3
大赛,3
起来,3
世界,3
推荐,2
耗时,2
全民,2
specialforaaiff,2
官方,2
石头,2
方案,2
失踪,2
逃离,2
恶意,2
脊梁,2
小曲,2
不能,2
安心,2
安全,2
制造,2
无限大,2
游戏,2
土地,2
李炮儿,2
无限,2
我的世界,2
成为,2
铠甲,2
勇士,2
魔女,2
计划,2
挑战,2
真实,2
乡村,2
终末,2
这种,2
画风,2
有火,2
风险,2
存在,2
衣服,2
评论,2
小龙,2
警察,2
越小,2
欢快,2
专业,1
厨师,1
私藏,1
小店,1
大学生,1
就业指导,1
麦当,1
薯条,1
重奏,1
两斤,1
土豆,1
能够,1
广告,1
挡住,1
关键时刻,1
可能,1
生死,1
之间,1
万元,1
成本,1
分钟,1
刘慈欣,1
小说,1
故事,1
原型,1
仿真,1
科幻电影,1
falsity,1
电影,1
正版,1
弗斯,1
孙悟空,1
华强,1
老虎,1
rap,1
多梦,1
综合征,1
音乐,1
宇宙,1
一年,1
救赎,1
相信,1
小女孩,1
完整,1
后续,1
资产,1
缩水,1
a0,1
层级,1
挑选,1
优质,1
桥洞,1
六大,1
现代,1
当幽,1
ep02,1
神仙,1
妖怪,1
谢谢,1
高能,1
队友,1
接连,1
活着,1
疯人院,1
一趟,1
西班牙,1
日全食,1
穿越,1
原始社会,1
必备,1
技能,1
石臼,1
中学,1
我求,1
节目,1
漂亮,1
误入,1
充满,1
顶级,1
财阀,1
校园,1
川渝转,1
学生,1
表示,1
只想,1
好好学习,1
佯作畏,1
生惧,1
身担,1
太行,1
赤伶,1
变速,1
少年,1
理由,1
三年,1
之期,1
恭迎,1
世一上,1
归位,1
吃饭,1
一定,1
端菜,1
全放,1
跟前,1
奥黛塔,1
冰上,1
起舞,1
开学,1
未必,1
忧郁,1
mv,1
日本,1
重视,1
企业形象,1
伟哥,1
试玩,1
国内,1
大厂,1
只会,1
案例,1
不敢,1
创新,1
一条,1
债务,1
中美旧,1
账单,1
到期,1
全世界,1
备选,1
地球村,1
月刊,1
超燃,1
大乱斗,1
障碍,1
沟通,1
特别,1
一课,1
模仿,1
获得,1
第二名,1
同学,1
库克,1
时代,1
恐怖,1
特辑,1
循环,1
寺庙,1
共享,1
背包,1
牙齿,1
演化,1
留给,1
人类,1
烂摊子,1
陈泽,1
桂花,1
同载,1
终不似,1
少年游,1
进老,1
钱班,1
中华民国,1
国父,1
历史,1
调研室,1
广安,1
第二顿,1
厨子,1
探店,1
牛肉,1
格局,1
肚子,1
能装,1
内塞,1
一套,1
工作站,1
小米,1
澎程,1
n90,1
max,1
用车,1
体验,1
妮丝,1
锻刀,1
威力,1
加强版,1
立志,1
恶兽,1
第一集,1
雷霆,1
大睡,1
埃尔,1
入木三分,1
字面,1
意思,1
日语,1
朋友,1
citypop,1
remix,1
空城计,1
刑天,1
op,1
二创,1
养成,1
中国,1
出现,1
幻想,1
厨艺,1
真是,1
嘟嘟,1
瓶子,1
相亲相爱,1
全球,1
粉丝,1
一周,1
生活,1
第一条,1
吃播,1
不好意思,1
有点,1
寒酸,1
公司,1
当成,1
主题乐园,1
大集,1
打铁,1
感受,1
打击乐,1
时间,1
参照物,1
原神,1
混剪,1
明日方舟,1
干员,1
叙事,1
提弗,1
洛斯,1
萨米,1
维格,1
孩子,1
钢牙,1
主播,1
古代,1
神医,1
到处,1
游历,1
oc,1
绝对,1
熬夜,1
女仆,1
夜话,1
小剧场,1
扶持,1
老叟,1
顽童,1
白俄,1
欧盟,1
第一次,1
觉得,1
命运,1
好像,1
服从性,1
测试,1
音效,1
新宿,1
决战,1
正经,1
丝瓜,1
抹布,1
好用,1
招笑,1
植物,1
滚木,1
坚果,1
首发,1
游神,1
house2,1
结局,1
歪曲事实,1
媒体,1
铁豆,1
钢蛋,1
你好,1
精神,1
小妹,1
回复,1
牢玩戏,1
老鼠,1
织烟,1
god,1
十万,1
调度,1
追求,1
四千人,1
尼泊尔,1
终究,1
放开,1
接受,1
外国,1
援助,1
非洲,1
肥沃,1
种植,1
手持,1
步枪,1
大战,1
警用,1
全自动,1
武器,1
登场,1
狂开,1
枪难,1
悲剧,1
辅助,1
万豪,1
大鸣,1
王潮,1
青出于蓝而胜于蓝,1
知道,1
碰到,1
好事儿,1
哥哥,1
找到,1
流量,1
密码,1
i’m,1
squished,1
hina,1
不了,1
大人,1
尺度,1
神作,1
扎堆,1
一堆,1
神人,1
npc,1
小游戏,1
逗笑,1
龙族,1
卡塞尔,1
新世纪,1
福音战士,1
全新,1
联动,1
余响,1
火柴,1
vs,1
第四十,1
苦力,1
部族,1
creeper,1
clan,1
能力,1
责任,1
成人,1
万字,1
暗影,1
蜘蛛侠,1
回答,1
劳动,1
人民,1
最高,1
从零开始,1
黑龙江,1
发现,1
废弃,1
改造,1
寒冬,1
避难所,1
首场,1
暴风雪,1
之前,1
做好,1
准备,1
提前,1
存储,1
物资,1
十年,1
龙龙录,1
英雄,1
好玩,1
调调,1
坐忘,1
这真得,1
北京,1
自助,1
一碗,1
价格,1
一口气,1
玩家,1
年龄,1
belike,1
八尺,1
姐姐,1
曾经,1
夏天,1
开疆拓土,1
特朗普,1
美国,1
总统,1
goat,1
